model,duration,best_features,accuracy
RFA_RandomForest,3,"['time', 'turnover', 'BBB_5_2.0', 'BBP_5_2.0', 'RSI', 'SMA_5', 'S2', 'avg_vol_last_100', 'MACDh_12_26_9', 'MACD_12_26_9', 'EMA_20', 'STOCHk_14_3_3', 'MACDs_12_26_9', 'S3', 'EMA_5', 'PP', 'volume', 'high', 'STOCHd_14_3_3', 'ROC', 'ATR', 'S1', 'EMA_10', 'BBM_5_2.0', 'open', 'close', 'R1', 'BBU_5_2.0', 'BBL_5_2.0', 'R2', 'CCI', 'R3', 'low', 'SMA_10', 'SMA_20']",0.6322908910399603
RFA_LogisticRegression,3,"['time', 'turnover', 'BBB_5_2.0', 'BBP_5_2.0', 'RSI', 'SMA_5', 'S2', 'avg_vol_last_100', 'MACDh_12_26_9', 'MACD_12_26_9', 'EMA_20', 'STOCHk_14_3_3', 'MACDs_12_26_9', 'S3', 'EMA_5', 'PP', 'volume', 'high', 'STOCHd_14_3_3', 'ROC', 'ATR', 'S1', 'EMA_10', 'BBM_5_2.0', 'open', 'close', 'R1', 'BBU_5_2.0', 'BBL_5_2.0', 'R2', 'CCI', 'R3', 'low', 'SMA_10', 'SMA_20']",0.49826259617771157
RFA_KNeighbors,3,"['time', 'turnover', 'BBB_5_2.0', 'BBP_5_2.0', 'RSI', 'SMA_5', 'S2', 'avg_vol_last_100', 'MACDh_12_26_9', 'MACD_12_26_9', 'EMA_20', 'STOCHk_14_3_3', 'MACDs_12_26_9', 'S3', 'EMA_5', 'PP', 'volume', 'high', 'STOCHd_14_3_3', 'ROC', 'ATR', 'S1', 'EMA_10', 'BBM_5_2.0', 'open', 'close', 'R1', 'BBU_5_2.0', 'BBL_5_2.0', 'R2', 'CCI', 'R3', 'low', 'SMA_10', 'SMA_20']",0.49379498634896996
RFA_DecisionTree,3,"['time', 'turnover', 'BBB_5_2.0', 'BBP_5_2.0', 'RSI', 'SMA_5', 'S2', 'avg_vol_last_100', 'MACDh_12_26_9', 'MACD_12_26_9', 'EMA_20', 'STOCHk_14_3_3', 'MACDs_12_26_9', 'S3', 'EMA_5', 'PP', 'volume', 'high', 'STOCHd_14_3_3', 'ROC', 'ATR', 'S1', 'EMA_10', 'BBM_5_2.0', 'open', 'close', 'R1', 'BBU_5_2.0', 'BBL_5_2.0', 'R2', 'CCI', 'R3', 'low', 'SMA_10', 'SMA_20']",0.5749565649044428
RFA_GaussianNB,3,"['time', 'turnover', 'BBB_5_2.0', 'BBP_5_2.0', 'RSI', 'SMA_5', 'S2', 'avg_vol_last_100', 'MACDh_12_26_9', 'MACD_12_26_9', 'EMA_20', 'STOCHk_14_3_3', 'MACDs_12_26_9', 'S3', 'EMA_5', 'PP', 'volume', 'high', 'STOCHd_14_3_3', 'ROC', 'ATR', 'S1', 'EMA_10', 'BBM_5_2.0', 'open', 'close', 'R1', 'BBU_5_2.0', 'BBL_5_2.0', 'R2', 'CCI', 'R3', 'low', 'SMA_10', 'SMA_20']",0.5143956316703897
RFE_RandomForest,3,"['time', 'turnover', 'avg_vol_last_100', 'MACDh_12_26_9', 'BBB_5_2.0', 'BBP_5_2.0', 'RSI', 'STOCHk_14_3_3', 'ATR', 'CCI']",0.6558699429138745
RFE_LogisticRegression,3,"['time', 'turnover', 'avg_vol_last_100', 'MACDh_12_26_9', 'BBB_5_2.0', 'BBP_5_2.0', 'RSI', 'STOCHk_14_3_3', 'ATR', 'CCI']",0.49826259617771157
RFE_KNeighbors,3,"['time', 'turnover', 'avg_vol_last_100', 'MACDh_12_26_9', 'BBB_5_2.0', 'BBP_5_2.0', 'RSI', 'STOCHk_14_3_3', 'ATR', 'CCI']",0.4942913874410524
RFE_DecisionTree,3,"['time', 'turnover', 'avg_vol_last_100', 'MACDh_12_26_9', 'BBB_5_2.0', 'BBP_5_2.0', 'RSI', 'STOCHk_14_3_3', 'ATR', 'CCI']",0.5866219905683793
RFE_GaussianNB,3,"['time', 'turnover', 'avg_vol_last_100', 'MACDh_12_26_9', 'BBB_5_2.0', 'BBP_5_2.0', 'RSI', 'STOCHk_14_3_3', 'ATR', 'CCI']",0.530156366344006
SelectKBest_RandomForest,3,"['low', 'volume', 'turnover', 'R1', 'R2', 'R3', 'BBL_5_2.0', 'BBM_5_2.0', 'SMA_5', 'SMA_10']",0.5239513526929759
SelectKBest_LogisticRegression,3,"['low', 'volume', 'turnover', 'R1', 'R2', 'R3', 'BBL_5_2.0', 'BBM_5_2.0', 'SMA_5', 'SMA_10']",0.5898485976669149
SelectKBest_KNeighbors,3,"['low', 'volume', 'turnover', 'R1', 'R2', 'R3', 'BBL_5_2.0', 'BBM_5_2.0', 'SMA_5', 'SMA_10']",0.5039712087366592
SelectKBest_DecisionTree,3,"['low', 'volume', 'turnover', 'R1', 'R2', 'R3', 'BBL_5_2.0', 'BBM_5_2.0', 'SMA_5', 'SMA_10']",0.5124100273020601
SelectKBest_GaussianNB,3,"['low', 'volume', 'turnover', 'R1', 'R2', 'R3', 'BBL_5_2.0', 'BBM_5_2.0', 'SMA_5', 'SMA_10']",0.5129064283941425
LogisticRegression_RandomForest,3,"['PP', 'R1', 'S1', 'R2', 'S2', 'R3', 'S3', 'BBL_5_2.0', 'BBM_5_2.0', 'BBU_5_2.0', 'SMA_5', 'SMA_10', 'SMA_20', 'EMA_5', 'EMA_10', 'EMA_20']",0.5218416480516257
LogisticRegression_LogisticRegression,3,"['PP', 'R1', 'S1', 'R2', 'S2', 'R3', 'S3', 'BBL_5_2.0', 'BBM_5_2.0', 'BBU_5_2.0', 'SMA_5', 'SMA_10', 'SMA_20', 'EMA_5', 'EMA_10', 'EMA_20']",0.5907172995780591
LogisticRegression_KNeighbors,3,"['PP', 'R1', 'S1', 'R2', 'S2', 'R3', 'S3', 'BBL_5_2.0', 'BBM_5_2.0', 'BBU_5_2.0', 'SMA_5', 'SMA_10', 'SMA_20', 'EMA_5', 'EMA_10', 'EMA_20']",0.5111690245718541
LogisticRegression_DecisionTree,3,"['PP', 'R1', 'S1', 'R2', 'S2', 'R3', 'S3', 'BBL_5_2.0', 'BBM_5_2.0', 'BBU_5_2.0', 'SMA_5', 'SMA_10', 'SMA_20', 'EMA_5', 'EMA_10', 'EMA_20']",0.5070737155621743
LogisticRegression_GaussianNB,3,"['PP', 'R1', 'S1', 'R2', 'S2', 'R3', 'S3', 'BBL_5_2.0', 'BBM_5_2.0', 'BBU_5_2.0', 'SMA_5', 'SMA_10', 'SMA_20', 'EMA_5', 'EMA_10', 'EMA_20']",0.5103003226607099
RFA_RandomForest,6,"['MACD_12_26_9', 'MACDh_12_26_9', 'BBB_5_2.0', 'BBP_5_2.0', 'BBL_5_2.0', 'avg_vol_last_100', 'volume', 'BBM_5_2.0', 'RSI', 'time', 'MACDs_12_26_9', 'open', 'SMA_10', 'close', 'STOCHk_14_3_3', 'S2', 'R3', 'turnover', 'R2', 'EMA_10', 'S1', 'S3', 'ROC', 'STOCHd_14_3_3', 'BBU_5_2.0', 'SMA_5', 'SMA_20', 'PP', 'R1', 'EMA_20', 'EMA_5', 'ATR', 'CCI', 'low', 'high']",0.6127670144063587
RFA_LogisticRegression,6,"['MACD_12_26_9', 'MACDh_12_26_9', 'BBB_5_2.0', 'BBP_5_2.0', 'BBL_5_2.0', 'avg_vol_last_100', 'volume', 'BBM_5_2.0', 'RSI', 'time', 'MACDs_12_26_9', 'open', 'SMA_10', 'close', 'STOCHk_14_3_3', 'S2', 'R3', 'turnover', 'R2', 'EMA_10', 'S1', 'S3', 'ROC', 'STOCHd_14_3_3', 'BBU_5_2.0', 'SMA_5', 'SMA_20', 'PP', 'R1', 'EMA_20', 'EMA_5', 'ATR', 'CCI', 'low', 'high']",0.5109289617486339
RFA_KNeighbors,6,"['MACD_12_26_9', 'MACDh_12_26_9', 'BBB_5_2.0', 'BBP_5_2.0', 'BBL_5_2.0', 'avg_vol_last_100', 'volume', 'BBM_5_2.0', 'RSI', 'time', 'MACDs_12_26_9', 'open', 'SMA_10', 'close', 'STOCHk_14_3_3', 'S2', 'R3', 'turnover', 'R2', 'EMA_10', 'S1', 'S3', 'ROC', 'STOCHd_14_3_3', 'BBU_5_2.0', 'SMA_5', 'SMA_20', 'PP', 'R1', 'EMA_20', 'EMA_5', 'ATR', 'CCI', 'low', 'high']",0.4883258817685047
RFA_DecisionTree,6,"['MACD_12_26_9', 'MACDh_12_26_9', 'BBB_5_2.0', 'BBP_5_2.0', 'BBL_5_2.0', 'avg_vol_last_100', 'volume', 'BBM_5_2.0', 'RSI', 'time', 'MACDs_12_26_9', 'open', 'SMA_10', 'close', 'STOCHk_14_3_3', 'S2', 'R3', 'turnover', 'R2', 'EMA_10', 'S1', 'S3', 'ROC', 'STOCHd_14_3_3', 'BBU_5_2.0', 'SMA_5', 'SMA_20', 'PP', 'R1', 'EMA_20', 'EMA_5', 'ATR', 'CCI', 'low', 'high']",0.5765027322404371
RFA_GaussianNB,6,"['MACD_12_26_9', 'MACDh_12_26_9', 'BBB_5_2.0', 'BBP_5_2.0', 'BBL_5_2.0', 'avg_vol_last_100', 'volume', 'BBM_5_2.0', 'RSI', 'time', 'MACDs_12_26_9', 'open', 'SMA_10', 'close', 'STOCHk_14_3_3', 'S2', 'R3', 'turnover', 'R2', 'EMA_10', 'S1', 'S3', 'ROC', 'STOCHd_14_3_3', 'BBU_5_2.0', 'SMA_5', 'SMA_20', 'PP', 'R1', 'EMA_20', 'EMA_5', 'ATR', 'CCI', 'low', 'high']",0.5124192747143567
RFE_RandomForest,6,"['turnover', 'avg_vol_last_100', 'MACDh_12_26_9', 'R3', 'BBB_5_2.0', 'BBP_5_2.0', 'RSI', 'STOCHk_14_3_3', 'ATR', 'CCI']",0.6333830104321908
RFE_LogisticRegression,6,"['turnover', 'avg_vol_last_100', 'MACDh_12_26_9', 'R3', 'BBB_5_2.0', 'BBP_5_2.0', 'RSI', 'STOCHk_14_3_3', 'ATR', 'CCI']",0.5101838052657724
RFE_KNeighbors,6,"['turnover', 'avg_vol_last_100', 'MACDh_12_26_9', 'R3', 'BBB_5_2.0', 'BBP_5_2.0', 'RSI', 'STOCHk_14_3_3', 'ATR', 'CCI']",0.5188772975658221
RFE_DecisionTree,6,"['turnover', 'avg_vol_last_100', 'MACDh_12_26_9', 'R3', 'BBB_5_2.0', 'BBP_5_2.0', 'RSI', 'STOCHk_14_3_3', 'ATR', 'CCI']",0.5705414803775459
RFE_GaussianNB,6,"['turnover', 'avg_vol_last_100', 'MACDh_12_26_9', 'R3', 'BBB_5_2.0', 'BBP_5_2.0', 'RSI', 'STOCHk_14_3_3', 'ATR', 'CCI']",0.5541480377545951
SelectKBest_RandomForest,6,"['open', 'low', 'volume', 'turnover', 'PP', 'R1', 'R2', 'R3', 'BBL_5_2.0', 'BBB_5_2.0']",0.5206159960258321
SelectKBest_LogisticRegression,6,"['open', 'low', 'volume', 'turnover', 'PP', 'R1', 'R2', 'R3', 'BBL_5_2.0', 'BBB_5_2.0']",0.565076999503229
SelectKBest_KNeighbors,6,"['open', 'low', 'volume', 'turnover', 'PP', 'R1', 'R2', 'R3', 'BBL_5_2.0', 'BBB_5_2.0']",0.5131644311972181
SelectKBest_DecisionTree,6,"['open', 'low', 'volume', 'turnover', 'PP', 'R1', 'R2', 'R3', 'BBL_5_2.0', 'BBB_5_2.0']",0.5146547441629409
SelectKBest_GaussianNB,6,"['open', 'low', 'volume', 'turnover', 'PP', 'R1', 'R2', 'R3', 'BBL_5_2.0', 'BBB_5_2.0']",0.5248385494287133
LogisticRegression_RandomForest,6,"['PP', 'R1', 'S1', 'R2', 'S2', 'R3', 'S3', 'BBL_5_2.0', 'BBM_5_2.0', 'BBU_5_2.0', 'SMA_5', 'SMA_10', 'SMA_20', 'EMA_5', 'EMA_10', 'EMA_20']",0.4992548435171386
LogisticRegression_LogisticRegression,6,"['PP', 'R1', 'S1', 'R2', 'S2', 'R3', 'S3', 'BBL_5_2.0', 'BBM_5_2.0', 'BBU_5_2.0', 'SMA_5', 'SMA_10', 'SMA_20', 'EMA_5', 'EMA_10', 'EMA_20']",0.5712866368604074
LogisticRegression_KNeighbors,6,"['PP', 'R1', 'S1', 'R2', 'S2', 'R3', 'S3', 'BBL_5_2.0', 'BBM_5_2.0', 'BBU_5_2.0', 'SMA_5', 'SMA_10', 'SMA_20', 'EMA_5', 'EMA_10', 'EMA_20']",0.4930452061599603
LogisticRegression_DecisionTree,6,"['PP', 'R1', 'S1', 'R2', 'S2', 'R3', 'S3', 'BBL_5_2.0', 'BBM_5_2.0', 'BBU_5_2.0', 'SMA_5', 'SMA_10', 'SMA_20', 'EMA_5', 'EMA_10', 'EMA_20']",0.5012419274714357
LogisticRegression_GaussianNB,6,"['PP', 'R1', 'S1', 'R2', 'S2', 'R3', 'S3', 'BBL_5_2.0', 'BBM_5_2.0', 'BBU_5_2.0', 'SMA_5', 'SMA_10', 'SMA_20', 'EMA_5', 'EMA_10', 'EMA_20']",0.5099354197714854
RFA_RandomForest,9,"['ATR', 'turnover', 'MACDh_12_26_9', 'BBB_5_2.0', 'S3', 'BBM_5_2.0', 'MACD_12_26_9', 'time', 'BBP_5_2.0', 'PP', 'avg_vol_last_100', 'RSI', 'SMA_10', 'R1', 'MACDs_12_26_9', 'STOCHk_14_3_3', 'R2', 'volume', 'BBL_5_2.0', 'close', 'ROC', 'STOCHd_14_3_3', 'BBU_5_2.0', 'EMA_20', 'SMA_20', 'S2', 'SMA_5', 'R3', 'high', 'EMA_5', 'low', 'EMA_10', 'open', 'S1', 'CCI']",0.6040268456375839
RFA_LogisticRegression,9,"['ATR', 'turnover', 'MACDh_12_26_9', 'BBB_5_2.0', 'S3', 'BBM_5_2.0', 'MACD_12_26_9', 'time', 'BBP_5_2.0', 'PP', 'avg_vol_last_100', 'RSI', 'SMA_10', 'R1', 'MACDs_12_26_9', 'STOCHk_14_3_3', 'R2', 'volume', 'BBL_5_2.0', 'close', 'ROC', 'STOCHd_14_3_3', 'BBU_5_2.0', 'EMA_20', 'SMA_20', 'S2', 'SMA_5', 'R3', 'high', 'EMA_5', 'low', 'EMA_10', 'open', 'S1', 'CCI']",0.5186428038777032
RFA_KNeighbors,9,"['ATR', 'turnover', 'MACDh_12_26_9', 'BBB_5_2.0', 'S3', 'BBM_5_2.0', 'MACD_12_26_9', 'time', 'BBP_5_2.0', 'PP', 'avg_vol_last_100', 'RSI', 'SMA_10', 'R1', 'MACDs_12_26_9', 'STOCHk_14_3_3', 'R2', 'volume', 'BBL_5_2.0', 'close', 'ROC', 'STOCHd_14_3_3', 'BBU_5_2.0', 'EMA_20', 'SMA_20', 'S2', 'SMA_5', 'R3', 'high', 'EMA_5', 'low', 'EMA_10', 'open', 'S1', 'CCI']",0.4970171513795675
RFA_DecisionTree,9,"['ATR', 'turnover', 'MACDh_12_26_9', 'BBB_5_2.0', 'S3', 'BBM_5_2.0', 'MACD_12_26_9', 'time', 'BBP_5_2.0', 'PP', 'avg_vol_last_100', 'RSI', 'SMA_10', 'R1', 'MACDs_12_26_9', 'STOCHk_14_3_3', 'R2', 'volume', 'BBL_5_2.0', 'close', 'ROC', 'STOCHd_14_3_3', 'BBU_5_2.0', 'EMA_20', 'SMA_20', 'S2', 'SMA_5', 'R3', 'high', 'EMA_5', 'low', 'EMA_10', 'open', 'S1', 'CCI']",0.5730797912005966
RFA_GaussianNB,9,"['ATR', 'turnover', 'MACDh_12_26_9', 'BBB_5_2.0', 'S3', 'BBM_5_2.0', 'MACD_12_26_9', 'time', 'BBP_5_2.0', 'PP', 'avg_vol_last_100', 'RSI', 'SMA_10', 'R1', 'MACDs_12_26_9', 'STOCHk_14_3_3', 'R2', 'volume', 'BBL_5_2.0', 'close', 'ROC', 'STOCHd_14_3_3', 'BBU_5_2.0', 'EMA_20', 'SMA_20', 'S2', 'SMA_5', 'R3', 'high', 'EMA_5', 'low', 'EMA_10', 'open', 'S1', 'CCI']",0.5123042505592841
RFE_RandomForest,9,"['turnover', 'avg_vol_last_100', 'R3', 'BBB_5_2.0', 'BBP_5_2.0', 'RSI', 'STOCHd_14_3_3', 'ATR', 'ROC', 'CCI']",0.6312453392990306
RFE_LogisticRegression,9,"['turnover', 'avg_vol_last_100', 'R3', 'BBB_5_2.0', 'BBP_5_2.0', 'RSI', 'STOCHd_14_3_3', 'ATR', 'ROC', 'CCI']",0.5201342281879194
RFE_KNeighbors,9,"['turnover', 'avg_vol_last_100', 'R3', 'BBB_5_2.0', 'BBP_5_2.0', 'RSI', 'STOCHd_14_3_3', 'ATR', 'ROC', 'CCI']",0.5201342281879194
RFE_DecisionTree,9,"['turnover', 'avg_vol_last_100', 'R3', 'BBB_5_2.0', 'BBP_5_2.0', 'RSI', 'STOCHd_14_3_3', 'ATR', 'ROC', 'CCI']",0.5760626398210291
RFE_GaussianNB,9,"['turnover', 'avg_vol_last_100', 'R3', 'BBB_5_2.0', 'BBP_5_2.0', 'RSI', 'STOCHd_14_3_3', 'ATR', 'ROC', 'CCI']",0.5507084265473527
SelectKBest_RandomForest,9,"['low', 'volume', 'turnover', 'PP', 'R1', 'S1', 'R2', 'R3', 'BBL_5_2.0', 'BBB_5_2.0']",0.517524235645041
SelectKBest_LogisticRegression,9,"['low', 'volume', 'turnover', 'PP', 'R1', 'S1', 'R2', 'R3', 'BBL_5_2.0', 'BBB_5_2.0']",0.5287099179716629
SelectKBest_KNeighbors,9,"['low', 'volume', 'turnover', 'PP', 'R1', 'S1', 'R2', 'R3', 'BBL_5_2.0', 'BBB_5_2.0']",0.5182699478001491
SelectKBest_DecisionTree,9,"['low', 'volume', 'turnover', 'PP', 'R1', 'S1', 'R2', 'R3', 'BBL_5_2.0', 'BBB_5_2.0']",0.5074571215510812
SelectKBest_GaussianNB,9,"['low', 'volume', 'turnover', 'PP', 'R1', 'S1', 'R2', 'R3', 'BBL_5_2.0', 'BBB_5_2.0']",0.5238627889634601
LogisticRegression_RandomForest,9,"['PP', 'R1', 'S1', 'R2', 'S2', 'R3', 'S3', 'BBL_5_2.0', 'BBM_5_2.0', 'BBU_5_2.0', 'SMA_5', 'SMA_10', 'SMA_20', 'EMA_5', 'EMA_10', 'EMA_20']",0.48695003728560776
LogisticRegression_LogisticRegression,9,"['PP', 'R1', 'S1', 'R2', 'S2', 'R3', 'S3', 'BBL_5_2.0', 'BBM_5_2.0', 'BBU_5_2.0', 'SMA_5', 'SMA_10', 'SMA_20', 'EMA_5', 'EMA_10', 'EMA_20']",0.5630126771066368
LogisticRegression_KNeighbors,9,"['PP', 'R1', 'S1', 'R2', 'S2', 'R3', 'S3', 'BBL_5_2.0', 'BBM_5_2.0', 'BBU_5_2.0', 'SMA_5', 'SMA_10', 'SMA_20', 'EMA_5', 'EMA_10', 'EMA_20']",0.5044742729306487
LogisticRegression_DecisionTree,9,"['PP', 'R1', 'S1', 'R2', 'S2', 'R3', 'S3', 'BBL_5_2.0', 'BBM_5_2.0', 'BBU_5_2.0', 'SMA_5', 'SMA_10', 'SMA_20', 'EMA_5', 'EMA_10', 'EMA_20']",0.5141685309470544
LogisticRegression_GaussianNB,9,"['PP', 'R1', 'S1', 'R2', 'S2', 'R3', 'S3', 'BBL_5_2.0', 'BBM_5_2.0', 'BBU_5_2.0', 'SMA_5', 'SMA_10', 'SMA_20', 'EMA_5', 'EMA_10', 'EMA_20']",0.5067114093959731
RFA_RandomForest,12,"['CCI', 'MACD_12_26_9', 'high', 'MACDh_12_26_9', 'BBP_5_2.0', 'MACDs_12_26_9', 'RSI', 'time', 'BBB_5_2.0', 'BBM_5_2.0', 'R1', 'avg_vol_last_100', 'low', 'R2', 'EMA_10', 'STOCHk_14_3_3', 'S3', 'PP', 'S2', 'BBL_5_2.0', 'EMA_20', 'close', 'ROC', 'S1', 'open', 'R3', 'SMA_10', 'ATR', 'SMA_5', 'STOCHd_14_3_3', 'BBU_5_2.0', 'turnover', 'EMA_5', 'volume', 'SMA_20']",0.6228855721393035
RFA_LogisticRegression,12,"['CCI', 'MACD_12_26_9', 'high', 'MACDh_12_26_9', 'BBP_5_2.0', 'MACDs_12_26_9', 'RSI', 'time', 'BBB_5_2.0', 'BBM_5_2.0', 'R1', 'avg_vol_last_100', 'low', 'R2', 'EMA_10', 'STOCHk_14_3_3', 'S3', 'PP', 'S2', 'BBL_5_2.0', 'EMA_20', 'close', 'ROC', 'S1', 'open', 'R3', 'SMA_10', 'ATR', 'SMA_5', 'STOCHd_14_3_3', 'BBU_5_2.0', 'turnover', 'EMA_5', 'volume', 'SMA_20']",0.5417910447761194
RFA_KNeighbors,12,"['CCI', 'MACD_12_26_9', 'high', 'MACDh_12_26_9', 'BBP_5_2.0', 'MACDs_12_26_9', 'RSI', 'time', 'BBB_5_2.0', 'BBM_5_2.0', 'R1', 'avg_vol_last_100', 'low', 'R2', 'EMA_10', 'STOCHk_14_3_3', 'S3', 'PP', 'S2', 'BBL_5_2.0', 'EMA_20', 'close', 'ROC', 'S1', 'open', 'R3', 'SMA_10', 'ATR', 'SMA_5', 'STOCHd_14_3_3', 'BBU_5_2.0', 'turnover', 'EMA_5', 'volume', 'SMA_20']",0.5164179104477612
RFA_DecisionTree,12,"['CCI', 'MACD_12_26_9', 'high', 'MACDh_12_26_9', 'BBP_5_2.0', 'MACDs_12_26_9', 'RSI', 'time', 'BBB_5_2.0', 'BBM_5_2.0', 'R1', 'avg_vol_last_100', 'low', 'R2', 'EMA_10', 'STOCHk_14_3_3', 'S3', 'PP', 'S2', 'BBL_5_2.0', 'EMA_20', 'close', 'ROC', 'S1', 'open', 'R3', 'SMA_10', 'ATR', 'SMA_5', 'STOCHd_14_3_3', 'BBU_5_2.0', 'turnover', 'EMA_5', 'volume', 'SMA_20']",0.5512437810945273
RFA_GaussianNB,12,"['CCI', 'MACD_12_26_9', 'high', 'MACDh_12_26_9', 'BBP_5_2.0', 'MACDs_12_26_9', 'RSI', 'time', 'BBB_5_2.0', 'BBM_5_2.0', 'R1', 'avg_vol_last_100', 'low', 'R2', 'EMA_10', 'STOCHk_14_3_3', 'S3', 'PP', 'S2', 'BBL_5_2.0', 'EMA_20', 'close', 'ROC', 'S1', 'open', 'R3', 'SMA_10', 'ATR', 'SMA_5', 'STOCHd_14_3_3', 'BBU_5_2.0', 'turnover', 'EMA_5', 'volume', 'SMA_20']",0.5288557213930348
RFE_RandomForest,12,"['volume', 'turnover', 'avg_vol_last_100', 'R3', 'BBB_5_2.0', 'BBP_5_2.0', 'RSI', 'STOCHk_14_3_3', 'STOCHd_14_3_3', 'CCI']",0.6482587064676617
RFE_LogisticRegression,12,"['volume', 'turnover', 'avg_vol_last_100', 'R3', 'BBB_5_2.0', 'BBP_5_2.0', 'RSI', 'STOCHk_14_3_3', 'STOCHd_14_3_3', 'CCI']",0.5557213930348258
RFE_KNeighbors,12,"['volume', 'turnover', 'avg_vol_last_100', 'R3', 'BBB_5_2.0', 'BBP_5_2.0', 'RSI', 'STOCHk_14_3_3', 'STOCHd_14_3_3', 'CCI']",0.527363184079602
RFE_DecisionTree,12,"['volume', 'turnover', 'avg_vol_last_100', 'R3', 'BBB_5_2.0', 'BBP_5_2.0', 'RSI', 'STOCHk_14_3_3', 'STOCHd_14_3_3', 'CCI']",0.5711442786069652
RFE_GaussianNB,12,"['volume', 'turnover', 'avg_vol_last_100', 'R3', 'BBB_5_2.0', 'BBP_5_2.0', 'RSI', 'STOCHk_14_3_3', 'STOCHd_14_3_3', 'CCI']",0.5701492537313433
SelectKBest_RandomForest,12,"['time', 'volume', 'turnover', 'avg_vol_last_100', 'MACDh_12_26_9', 'BBB_5_2.0', 'BBP_5_2.0', 'RSI', 'ATR', 'CCI']",0.645273631840796
SelectKBest_LogisticRegression,12,"['time', 'volume', 'turnover', 'avg_vol_last_100', 'MACDh_12_26_9', 'BBB_5_2.0', 'BBP_5_2.0', 'RSI', 'ATR', 'CCI']",0.5417910447761194
SelectKBest_KNeighbors,12,"['time', 'volume', 'turnover', 'avg_vol_last_100', 'MACDh_12_26_9', 'BBB_5_2.0', 'BBP_5_2.0', 'RSI', 'ATR', 'CCI']",0.5139303482587064
SelectKBest_DecisionTree,12,"['time', 'volume', 'turnover', 'avg_vol_last_100', 'MACDh_12_26_9', 'BBB_5_2.0', 'BBP_5_2.0', 'RSI', 'ATR', 'CCI']",0.572139303482587
SelectKBest_GaussianNB,12,"['time', 'volume', 'turnover', 'avg_vol_last_100', 'MACDh_12_26_9', 'BBB_5_2.0', 'BBP_5_2.0', 'RSI', 'ATR', 'CCI']",0.5686567164179105
LogisticRegression_RandomForest,12,"['PP', 'R1', 'S1', 'R2', 'S2', 'R3', 'S3', 'BBL_5_2.0', 'BBM_5_2.0', 'BBU_5_2.0', 'SMA_5', 'SMA_10', 'SMA_20', 'EMA_5', 'EMA_10', 'EMA_20']",0.527363184079602
LogisticRegression_LogisticRegression,12,"['PP', 'R1', 'S1', 'R2', 'S2', 'R3', 'S3', 'BBL_5_2.0', 'BBM_5_2.0', 'BBU_5_2.0', 'SMA_5', 'SMA_10', 'SMA_20', 'EMA_5', 'EMA_10', 'EMA_20']",0.5676616915422885
LogisticRegression_KNeighbors,12,"['PP', 'R1', 'S1', 'R2', 'S2', 'R3', 'S3', 'BBL_5_2.0', 'BBM_5_2.0', 'BBU_5_2.0', 'SMA_5', 'SMA_10', 'SMA_20', 'EMA_5', 'EMA_10', 'EMA_20']",0.5228855721393035
LogisticRegression_DecisionTree,12,"['PP', 'R1', 'S1', 'R2', 'S2', 'R3', 'S3', 'BBL_5_2.0', 'BBM_5_2.0', 'BBU_5_2.0', 'SMA_5', 'SMA_10', 'SMA_20', 'EMA_5', 'EMA_10', 'EMA_20']",0.5059701492537313
LogisticRegression_GaussianNB,12,"['PP', 'R1', 'S1', 'R2', 'S2', 'R3', 'S3', 'BBL_5_2.0', 'BBM_5_2.0', 'BBU_5_2.0', 'SMA_5', 'SMA_10', 'SMA_20', 'EMA_5', 'EMA_10', 'EMA_20']",0.5223880597014925
RFA_RandomForest,15,"['CCI', 'MACDh_12_26_9', 'turnover', 'time', 'open', 'close', 'PP', 'BBB_5_2.0', 'BBM_5_2.0', 'BBP_5_2.0', 'RSI', 'low', 'SMA_5', 'R2', 'R3', 'EMA_5', 'S2', 'SMA_10', 'ROC', 'volume', 'MACD_12_26_9', 'EMA_10', 'ATR', 'R1', 'STOCHk_14_3_3', 'EMA_20', 'MACDs_12_26_9', 'avg_vol_last_100', 'BBU_5_2.0', 'STOCHd_14_3_3', 'BBL_5_2.0', 'S3', 'S1', 'SMA_20', 'high']",0.5880522713130056
RFA_LogisticRegression,15,"['CCI', 'MACDh_12_26_9', 'turnover', 'time', 'open', 'close', 'PP', 'BBB_5_2.0', 'BBM_5_2.0', 'BBP_5_2.0', 'RSI', 'low', 'SMA_5', 'R2', 'R3', 'EMA_5', 'S2', 'SMA_10', 'ROC', 'volume', 'MACD_12_26_9', 'EMA_10', 'ATR', 'R1', 'STOCHk_14_3_3', 'EMA_20', 'MACDs_12_26_9', 'avg_vol_last_100', 'BBU_5_2.0', 'STOCHd_14_3_3', 'BBL_5_2.0', 'S3', 'S1', 'SMA_20', 'high']",0.5351586807716241
RFA_KNeighbors,15,"['CCI', 'MACDh_12_26_9', 'turnover', 'time', 'open', 'close', 'PP', 'BBB_5_2.0', 'BBM_5_2.0', 'BBP_5_2.0', 'RSI', 'low', 'SMA_5', 'R2', 'R3', 'EMA_5', 'S2', 'SMA_10', 'ROC', 'volume', 'MACD_12_26_9', 'EMA_10', 'ATR', 'R1', 'STOCHk_14_3_3', 'EMA_20', 'MACDs_12_26_9', 'avg_vol_last_100', 'BBU_5_2.0', 'STOCHd_14_3_3', 'BBL_5_2.0', 'S3', 'S1', 'SMA_20', 'high']",0.477286869943995
RFA_DecisionTree,15,"['CCI', 'MACDh_12_26_9', 'turnover', 'time', 'open', 'close', 'PP', 'BBB_5_2.0', 'BBM_5_2.0', 'BBP_5_2.0', 'RSI', 'low', 'SMA_5', 'R2', 'R3', 'EMA_5', 'S2', 'SMA_10', 'ROC', 'volume', 'MACD_12_26_9', 'EMA_10', 'ATR', 'R1', 'STOCHk_14_3_3', 'EMA_20', 'MACDs_12_26_9', 'avg_vol_last_100', 'BBU_5_2.0', 'STOCHd_14_3_3', 'BBL_5_2.0', 'S3', 'S1', 'SMA_20', 'high']",0.566894835096453
RFA_GaussianNB,15,"['CCI', 'MACDh_12_26_9', 'turnover', 'time', 'open', 'close', 'PP', 'BBB_5_2.0', 'BBM_5_2.0', 'BBP_5_2.0', 'RSI', 'low', 'SMA_5', 'R2', 'R3', 'EMA_5', 'S2', 'SMA_10', 'ROC', 'volume', 'MACD_12_26_9', 'EMA_10', 'ATR', 'R1', 'STOCHk_14_3_3', 'EMA_20', 'MACDs_12_26_9', 'avg_vol_last_100', 'BBU_5_2.0', 'STOCHd_14_3_3', 'BBL_5_2.0', 'S3', 'S1', 'SMA_20', 'high']",0.5532047293092719
RFE_RandomForest,15,"['time', 'volume', 'turnover', 'avg_vol_last_100', 'BBB_5_2.0', 'BBP_5_2.0', 'RSI', 'STOCHk_14_3_3', 'ATR', 'CCI']",0.6260112009956441
RFE_LogisticRegression,15,"['time', 'volume', 'turnover', 'avg_vol_last_100', 'BBB_5_2.0', 'BBP_5_2.0', 'RSI', 'STOCHk_14_3_3', 'ATR', 'CCI']",0.5351586807716241
RFE_KNeighbors,15,"['time', 'volume', 'turnover', 'avg_vol_last_100', 'BBB_5_2.0', 'BBP_5_2.0', 'RSI', 'STOCHk_14_3_3', 'ATR', 'CCI']",0.477909147479776
RFE_DecisionTree,15,"['time', 'volume', 'turnover', 'avg_vol_last_100', 'BBB_5_2.0', 'BBP_5_2.0', 'RSI', 'STOCHk_14_3_3', 'ATR', 'CCI']",0.5606720597386434
RFE_GaussianNB,15,"['time', 'volume', 'turnover', 'avg_vol_last_100', 'BBB_5_2.0', 'BBP_5_2.0', 'RSI', 'STOCHk_14_3_3', 'ATR', 'CCI']",0.5650280024891101
SelectKBest_RandomForest,15,"['time', 'volume', 'turnover', 'MACD_12_26_9', 'MACDh_12_26_9', 'MACDs_12_26_9', 'BBL_5_2.0', 'BBB_5_2.0', 'ATR', 'ROC']",0.5214685749844431
SelectKBest_LogisticRegression,15,"['time', 'volume', 'turnover', 'MACD_12_26_9', 'MACDh_12_26_9', 'MACDs_12_26_9', 'BBL_5_2.0', 'BBB_5_2.0', 'ATR', 'ROC']",0.5351586807716241
SelectKBest_KNeighbors,15,"['time', 'volume', 'turnover', 'MACD_12_26_9', 'MACDh_12_26_9', 'MACDs_12_26_9', 'BBL_5_2.0', 'BBB_5_2.0', 'ATR', 'ROC']",0.48102053515868076
SelectKBest_DecisionTree,15,"['time', 'volume', 'turnover', 'MACD_12_26_9', 'MACDh_12_26_9', 'MACDs_12_26_9', 'BBL_5_2.0', 'BBB_5_2.0', 'ATR', 'ROC']",0.5003111387678905
SelectKBest_GaussianNB,15,"['time', 'volume', 'turnover', 'MACD_12_26_9', 'MACDh_12_26_9', 'MACDs_12_26_9', 'BBL_5_2.0', 'BBB_5_2.0', 'ATR', 'ROC']",0.5351586807716241
LogisticRegression_RandomForest,15,"['PP', 'R1', 'S1', 'R2', 'S2', 'R3', 'S3', 'BBL_5_2.0', 'BBM_5_2.0', 'SMA_5', 'SMA_10', 'SMA_20', 'EMA_5', 'EMA_10', 'EMA_20']",0.4953329184816428
LogisticRegression_LogisticRegression,15,"['PP', 'R1', 'S1', 'R2', 'S2', 'R3', 'S3', 'BBL_5_2.0', 'BBM_5_2.0', 'SMA_5', 'SMA_10', 'SMA_20', 'EMA_5', 'EMA_10', 'EMA_20']",0.5631611698817672
LogisticRegression_KNeighbors,15,"['PP', 'R1', 'S1', 'R2', 'S2', 'R3', 'S3', 'BBL_5_2.0', 'BBM_5_2.0', 'SMA_5', 'SMA_10', 'SMA_20', 'EMA_5', 'EMA_10', 'EMA_20']",0.5164903546981954
LogisticRegression_DecisionTree,15,"['PP', 'R1', 'S1', 'R2', 'S2', 'R3', 'S3', 'BBL_5_2.0', 'BBM_5_2.0', 'SMA_5', 'SMA_10', 'SMA_20', 'EMA_5', 'EMA_10', 'EMA_20']",0.46670815183571873
LogisticRegression_GaussianNB,15,"['PP', 'R1', 'S1', 'R2', 'S2', 'R3', 'S3', 'BBL_5_2.0', 'BBM_5_2.0', 'SMA_5', 'SMA_10', 'SMA_20', 'EMA_5', 'EMA_10', 'EMA_20']",0.5301804604853765
RFA_RandomForest,18,"['ATR', 'turnover', 'S2', 'avg_vol_last_100', 'MACDh_12_26_9', 'MACD_12_26_9', 'PP', 'volume', 'BBP_5_2.0', 'BBB_5_2.0', 'low', 'R2', 'MACDs_12_26_9', 'SMA_5', 'SMA_20', 'S1', 'EMA_10', 'time', 'S3', 'STOCHd_14_3_3', 'STOCHk_14_3_3', 'RSI', 'R1', 'R3', 'open', 'ROC', 'BBM_5_2.0', 'SMA_10', 'EMA_5', 'BBL_5_2.0', 'CCI', 'EMA_20', 'close', 'BBU_5_2.0', 'high']",0.5799701046337817
RFA_LogisticRegression,18,"['ATR', 'turnover', 'S2', 'avg_vol_last_100', 'MACDh_12_26_9', 'MACD_12_26_9', 'PP', 'volume', 'BBP_5_2.0', 'BBB_5_2.0', 'low', 'R2', 'MACDs_12_26_9', 'SMA_5', 'SMA_20', 'S1', 'EMA_10', 'time', 'S3', 'STOCHd_14_3_3', 'STOCHk_14_3_3', 'RSI', 'R1', 'R3', 'open', 'ROC', 'BBM_5_2.0', 'SMA_10', 'EMA_5', 'BBL_5_2.0', 'CCI', 'EMA_20', 'close', 'BBU_5_2.0', 'high']",0.5343796711509716
RFA_KNeighbors,18,"['ATR', 'turnover', 'S2', 'avg_vol_last_100', 'MACDh_12_26_9', 'MACD_12_26_9', 'PP', 'volume', 'BBP_5_2.0', 'BBB_5_2.0', 'low', 'R2', 'MACDs_12_26_9', 'SMA_5', 'SMA_20', 'S1', 'EMA_10', 'time', 'S3', 'STOCHd_14_3_3', 'STOCHk_14_3_3', 'RSI', 'R1', 'R3', 'open', 'ROC', 'BBM_5_2.0', 'SMA_10', 'EMA_5', 'BBL_5_2.0', 'CCI', 'EMA_20', 'close', 'BBU_5_2.0', 'high']",0.4656203288490284
RFA_DecisionTree,18,"['ATR', 'turnover', 'S2', 'avg_vol_last_100', 'MACDh_12_26_9', 'MACD_12_26_9', 'PP', 'volume', 'BBP_5_2.0', 'BBB_5_2.0', 'low', 'R2', 'MACDs_12_26_9', 'SMA_5', 'SMA_20', 'S1', 'EMA_10', 'time', 'S3', 'STOCHd_14_3_3', 'STOCHk_14_3_3', 'RSI', 'R1', 'R3', 'open', 'ROC', 'BBM_5_2.0', 'SMA_10', 'EMA_5', 'BBL_5_2.0', 'CCI', 'EMA_20', 'close', 'BBU_5_2.0', 'high']",0.5276532137518685
RFA_GaussianNB,18,"['ATR', 'turnover', 'S2', 'avg_vol_last_100', 'MACDh_12_26_9', 'MACD_12_26_9', 'PP', 'volume', 'BBP_5_2.0', 'BBB_5_2.0', 'low', 'R2', 'MACDs_12_26_9', 'SMA_5', 'SMA_20', 'S1', 'EMA_10', 'time', 'S3', 'STOCHd_14_3_3', 'STOCHk_14_3_3', 'RSI', 'R1', 'R3', 'open', 'ROC', 'BBM_5_2.0', 'SMA_10', 'EMA_5', 'BBL_5_2.0', 'CCI', 'EMA_20', 'close', 'BBU_5_2.0', 'high']",0.5403587443946188
RFE_RandomForest,18,"['volume', 'turnover', 'avg_vol_last_100', 'R3', 'BBB_5_2.0', 'BBP_5_2.0', 'RSI', 'STOCHd_14_3_3', 'ROC', 'CCI']",0.6046337817638266
RFE_LogisticRegression,18,"['volume', 'turnover', 'avg_vol_last_100', 'R3', 'BBB_5_2.0', 'BBP_5_2.0', 'RSI', 'STOCHd_14_3_3', 'ROC', 'CCI']",0.5343796711509716
RFE_KNeighbors,18,"['volume', 'turnover', 'avg_vol_last_100', 'R3', 'BBB_5_2.0', 'BBP_5_2.0', 'RSI', 'STOCHd_14_3_3', 'ROC', 'CCI']",0.523916292974589
RFE_DecisionTree,18,"['volume', 'turnover', 'avg_vol_last_100', 'R3', 'BBB_5_2.0', 'BBP_5_2.0', 'RSI', 'STOCHd_14_3_3', 'ROC', 'CCI']",0.5321375186846039
RFE_GaussianNB,18,"['volume', 'turnover', 'avg_vol_last_100', 'R3', 'BBB_5_2.0', 'BBP_5_2.0', 'RSI', 'STOCHd_14_3_3', 'ROC', 'CCI']",0.5530642750373692
SelectKBest_RandomForest,18,"['open', 'low', 'volume', 'turnover', 'avg_vol_last_100', 'MACDs_12_26_9', 'S1', 'BBL_5_2.0', 'BBB_5_2.0', 'ATR']",0.5082212257100149
SelectKBest_LogisticRegression,18,"['open', 'low', 'volume', 'turnover', 'avg_vol_last_100', 'MACDs_12_26_9', 'S1', 'BBL_5_2.0', 'BBB_5_2.0', 'ATR']",0.5478325859491778
SelectKBest_KNeighbors,18,"['open', 'low', 'volume', 'turnover', 'avg_vol_last_100', 'MACDs_12_26_9', 'S1', 'BBL_5_2.0', 'BBB_5_2.0', 'ATR']",0.5044843049327354
SelectKBest_DecisionTree,18,"['open', 'low', 'volume', 'turnover', 'avg_vol_last_100', 'MACDs_12_26_9', 'S1', 'BBL_5_2.0', 'BBB_5_2.0', 'ATR']",0.5171898355754858
SelectKBest_GaussianNB,18,"['open', 'low', 'volume', 'turnover', 'avg_vol_last_100', 'MACDs_12_26_9', 'S1', 'BBL_5_2.0', 'BBB_5_2.0', 'ATR']",0.5284005979073244
LogisticRegression_RandomForest,18,"['PP', 'R1', 'S1', 'R2', 'S2', 'R3', 'S3', 'BBL_5_2.0', 'BBM_5_2.0', 'BBU_5_2.0', 'SMA_5', 'SMA_10', 'SMA_20', 'EMA_5', 'EMA_10', 'EMA_20']",0.47159940209267565
LogisticRegression_LogisticRegression,18,"['PP', 'R1', 'S1', 'R2', 'S2', 'R3', 'S3', 'BBL_5_2.0', 'BBM_5_2.0', 'BBU_5_2.0', 'SMA_5', 'SMA_10', 'SMA_20', 'EMA_5', 'EMA_10', 'EMA_20']",0.5538116591928252
LogisticRegression_KNeighbors,18,"['PP', 'R1', 'S1', 'R2', 'S2', 'R3', 'S3', 'BBL_5_2.0', 'BBM_5_2.0', 'BBU_5_2.0', 'SMA_5', 'SMA_10', 'SMA_20', 'EMA_5', 'EMA_10', 'EMA_20']",0.49028400597907323
LogisticRegression_DecisionTree,18,"['PP', 'R1', 'S1', 'R2', 'S2', 'R3', 'S3', 'BBL_5_2.0', 'BBM_5_2.0', 'BBU_5_2.0', 'SMA_5', 'SMA_10', 'SMA_20', 'EMA_5', 'EMA_10', 'EMA_20']",0.5059790732436472
LogisticRegression_GaussianNB,18,"['PP', 'R1', 'S1', 'R2', 'S2', 'R3', 'S3', 'BBL_5_2.0', 'BBM_5_2.0', 'BBU_5_2.0', 'SMA_5', 'SMA_10', 'SMA_20', 'EMA_5', 'EMA_10', 'EMA_20']",0.5366218236173393
RFA_RandomForest,21,"['avg_vol_last_100', 'BBM_5_2.0', 'R2', 'BBP_5_2.0', 'MACD_12_26_9', 'low', 'turnover', 'MACDh_12_26_9', 'BBU_5_2.0', 'BBB_5_2.0', 'R1', 'RSI', 'S1', 'EMA_5', 'volume', 'PP', 'STOCHk_14_3_3', 'SMA_20', 'S3', 'R3', 'SMA_5', 'close', 'MACDs_12_26_9', 'ROC', 'STOCHd_14_3_3', 'time', 'EMA_10', 'S2', 'high', 'ATR', 'open', 'BBL_5_2.0', 'EMA_20', 'SMA_10', 'CCI']",0.5785340314136126
RFA_LogisticRegression,21,"['avg_vol_last_100', 'BBM_5_2.0', 'R2', 'BBP_5_2.0', 'MACD_12_26_9', 'low', 'turnover', 'MACDh_12_26_9', 'BBU_5_2.0', 'BBB_5_2.0', 'R1', 'RSI', 'S1', 'EMA_5', 'volume', 'PP', 'STOCHk_14_3_3', 'SMA_20', 'S3', 'R3', 'SMA_5', 'close', 'MACDs_12_26_9', 'ROC', 'STOCHd_14_3_3', 'time', 'EMA_10', 'S2', 'high', 'ATR', 'open', 'BBL_5_2.0', 'EMA_20', 'SMA_10', 'CCI']",0.5261780104712042
RFA_KNeighbors,21,"['avg_vol_last_100', 'BBM_5_2.0', 'R2', 'BBP_5_2.0', 'MACD_12_26_9', 'low', 'turnover', 'MACDh_12_26_9', 'BBU_5_2.0', 'BBB_5_2.0', 'R1', 'RSI', 'S1', 'EMA_5', 'volume', 'PP', 'STOCHk_14_3_3', 'SMA_20', 'S3', 'R3', 'SMA_5', 'close', 'MACDs_12_26_9', 'ROC', 'STOCHd_14_3_3', 'time', 'EMA_10', 'S2', 'high', 'ATR', 'open', 'BBL_5_2.0', 'EMA_20', 'SMA_10', 'CCI']",0.4642233856893543
RFA_DecisionTree,21,"['avg_vol_last_100', 'BBM_5_2.0', 'R2', 'BBP_5_2.0', 'MACD_12_26_9', 'low', 'turnover', 'MACDh_12_26_9', 'BBU_5_2.0', 'BBB_5_2.0', 'R1', 'RSI', 'S1', 'EMA_5', 'volume', 'PP', 'STOCHk_14_3_3', 'SMA_20', 'S3', 'R3', 'SMA_5', 'close', 'MACDs_12_26_9', 'ROC', 'STOCHd_14_3_3', 'time', 'EMA_10', 'S2', 'high', 'ATR', 'open', 'BBL_5_2.0', 'EMA_20', 'SMA_10', 'CCI']",0.5575916230366492
RFA_GaussianNB,21,"['avg_vol_last_100', 'BBM_5_2.0', 'R2', 'BBP_5_2.0', 'MACD_12_26_9', 'low', 'turnover', 'MACDh_12_26_9', 'BBU_5_2.0', 'BBB_5_2.0', 'R1', 'RSI', 'S1', 'EMA_5', 'volume', 'PP', 'STOCHk_14_3_3', 'SMA_20', 'S3', 'R3', 'SMA_5', 'close', 'MACDs_12_26_9', 'ROC', 'STOCHd_14_3_3', 'time', 'EMA_10', 'S2', 'high', 'ATR', 'open', 'BBL_5_2.0', 'EMA_20', 'SMA_10', 'CCI']",0.493891797556719
RFE_RandomForest,21,"['volume', 'turnover', 'avg_vol_last_100', 'MACDh_12_26_9', 'R2', 'BBB_5_2.0', 'BBP_5_2.0', 'RSI', 'STOCHd_14_3_3', 'CCI']",0.6178010471204188
RFE_LogisticRegression,21,"['volume', 'turnover', 'avg_vol_last_100', 'MACDh_12_26_9', 'R2', 'BBB_5_2.0', 'BBP_5_2.0', 'RSI', 'STOCHd_14_3_3', 'CCI']",0.5261780104712042
RFE_KNeighbors,21,"['volume', 'turnover', 'avg_vol_last_100', 'MACDh_12_26_9', 'R2', 'BBB_5_2.0', 'BBP_5_2.0', 'RSI', 'STOCHd_14_3_3', 'CCI']",0.518324607329843
RFE_DecisionTree,21,"['volume', 'turnover', 'avg_vol_last_100', 'MACDh_12_26_9', 'R2', 'BBB_5_2.0', 'BBP_5_2.0', 'RSI', 'STOCHd_14_3_3', 'CCI']",0.5549738219895288
RFE_GaussianNB,21,"['volume', 'turnover', 'avg_vol_last_100', 'MACDh_12_26_9', 'R2', 'BBB_5_2.0', 'BBP_5_2.0', 'RSI', 'STOCHd_14_3_3', 'CCI']",0.5698080279232112
SelectKBest_RandomForest,21,"['time', 'close', 'high', 'volume', 'turnover', 'S2', 'S3', 'BBU_5_2.0', 'BBB_5_2.0', 'BBP_5_2.0']",0.6195462478184991
SelectKBest_LogisticRegression,21,"['time', 'close', 'high', 'volume', 'turnover', 'S2', 'S3', 'BBU_5_2.0', 'BBB_5_2.0', 'BBP_5_2.0']",0.5261780104712042
SelectKBest_KNeighbors,21,"['time', 'close', 'high', 'volume', 'turnover', 'S2', 'S3', 'BBU_5_2.0', 'BBB_5_2.0', 'BBP_5_2.0']",0.4607329842931937
SelectKBest_DecisionTree,21,"['time', 'close', 'high', 'volume', 'turnover', 'S2', 'S3', 'BBU_5_2.0', 'BBB_5_2.0', 'BBP_5_2.0']",0.5575916230366492
SelectKBest_GaussianNB,21,"['time', 'close', 'high', 'volume', 'turnover', 'S2', 'S3', 'BBU_5_2.0', 'BBB_5_2.0', 'BBP_5_2.0']",0.5261780104712042
LogisticRegression_RandomForest,21,"['PP', 'R1', 'S1', 'R2', 'S2', 'R3', 'S3', 'BBL_5_2.0', 'BBM_5_2.0', 'BBU_5_2.0', 'SMA_5', 'SMA_10', 'SMA_20', 'EMA_5', 'EMA_10', 'EMA_20']",0.48080279232111695
LogisticRegression_LogisticRegression,21,"['PP', 'R1', 'S1', 'R2', 'S2', 'R3', 'S3', 'BBL_5_2.0', 'BBM_5_2.0', 'BBU_5_2.0', 'SMA_5', 'SMA_10', 'SMA_20', 'EMA_5', 'EMA_10', 'EMA_20']",0.5549738219895288
LogisticRegression_KNeighbors,21,"['PP', 'R1', 'S1', 'R2', 'S2', 'R3', 'S3', 'BBL_5_2.0', 'BBM_5_2.0', 'BBU_5_2.0', 'SMA_5', 'SMA_10', 'SMA_20', 'EMA_5', 'EMA_10', 'EMA_20']",0.4781849912739965
LogisticRegression_DecisionTree,21,"['PP', 'R1', 'S1', 'R2', 'S2', 'R3', 'S3', 'BBL_5_2.0', 'BBM_5_2.0', 'BBU_5_2.0', 'SMA_5', 'SMA_10', 'SMA_20', 'EMA_5', 'EMA_10', 'EMA_20']",0.462478184991274
LogisticRegression_GaussianNB,21,"['PP', 'R1', 'S1', 'R2', 'S2', 'R3', 'S3', 'BBL_5_2.0', 'BBM_5_2.0', 'BBU_5_2.0', 'SMA_5', 'SMA_10', 'SMA_20', 'EMA_5', 'EMA_10', 'EMA_20']",0.4781849912739965
RFA_RandomForest,24,"['MACDh_12_26_9', 'volume', 'PP', 'avg_vol_last_100', 'turnover', 'MACDs_12_26_9', 'BBP_5_2.0', 'R1', 'BBB_5_2.0', 'BBM_5_2.0', 'BBU_5_2.0', 'SMA_5', 'S1', 'R2', 'EMA_5', 'STOCHk_14_3_3', 'MACD_12_26_9', 'BBL_5_2.0', 'S2', 'STOCHd_14_3_3', 'RSI', 'ATR', 'SMA_10', 'low', 'high', 'ROC', 'time', 'EMA_10', 'SMA_20', 'open', 'R3', 'EMA_20', 'CCI', 'S3', 'close']",0.6137724550898204
RFA_LogisticRegression,24,"['MACDh_12_26_9', 'volume', 'PP', 'avg_vol_last_100', 'turnover', 'MACDs_12_26_9', 'BBP_5_2.0', 'R1', 'BBB_5_2.0', 'BBM_5_2.0', 'BBU_5_2.0', 'SMA_5', 'S1', 'R2', 'EMA_5', 'STOCHk_14_3_3', 'MACD_12_26_9', 'BBL_5_2.0', 'S2', 'STOCHd_14_3_3', 'RSI', 'ATR', 'SMA_10', 'low', 'high', 'ROC', 'time', 'EMA_10', 'SMA_20', 'open', 'R3', 'EMA_20', 'CCI', 'S3', 'close']",0.5249500998003992
RFA_KNeighbors,24,"['MACDh_12_26_9', 'volume', 'PP', 'avg_vol_last_100', 'turnover', 'MACDs_12_26_9', 'BBP_5_2.0', 'R1', 'BBB_5_2.0', 'BBM_5_2.0', 'BBU_5_2.0', 'SMA_5', 'S1', 'R2', 'EMA_5', 'STOCHk_14_3_3', 'MACD_12_26_9', 'BBL_5_2.0', 'S2', 'STOCHd_14_3_3', 'RSI', 'ATR', 'SMA_10', 'low', 'high', 'ROC', 'time', 'EMA_10', 'SMA_20', 'open', 'R3', 'EMA_20', 'CCI', 'S3', 'close']",0.5159680638722555
RFA_DecisionTree,24,"['MACDh_12_26_9', 'volume', 'PP', 'avg_vol_last_100', 'turnover', 'MACDs_12_26_9', 'BBP_5_2.0', 'R1', 'BBB_5_2.0', 'BBM_5_2.0', 'BBU_5_2.0', 'SMA_5', 'S1', 'R2', 'EMA_5', 'STOCHk_14_3_3', 'MACD_12_26_9', 'BBL_5_2.0', 'S2', 'STOCHd_14_3_3', 'RSI', 'ATR', 'SMA_10', 'low', 'high', 'ROC', 'time', 'EMA_10', 'SMA_20', 'open', 'R3', 'EMA_20', 'CCI', 'S3', 'close']",0.5518962075848304
RFA_GaussianNB,24,"['MACDh_12_26_9', 'volume', 'PP', 'avg_vol_last_100', 'turnover', 'MACDs_12_26_9', 'BBP_5_2.0', 'R1', 'BBB_5_2.0', 'BBM_5_2.0', 'BBU_5_2.0', 'SMA_5', 'S1', 'R2', 'EMA_5', 'STOCHk_14_3_3', 'MACD_12_26_9', 'BBL_5_2.0', 'S2', 'STOCHd_14_3_3', 'RSI', 'ATR', 'SMA_10', 'low', 'high', 'ROC', 'time', 'EMA_10', 'SMA_20', 'open', 'R3', 'EMA_20', 'CCI', 'S3', 'close']",0.5489021956087824
RFE_RandomForest,24,"['time', 'turnover', 'avg_vol_last_100', 'MACDh_12_26_9', 'BBB_5_2.0', 'BBP_5_2.0', 'RSI', 'STOCHd_14_3_3', 'ROC', 'CCI']",0.6417165668662674
RFE_LogisticRegression,24,"['time', 'turnover', 'avg_vol_last_100', 'MACDh_12_26_9', 'BBB_5_2.0', 'BBP_5_2.0', 'RSI', 'STOCHd_14_3_3', 'ROC', 'CCI']",0.5249500998003992
RFE_KNeighbors,24,"['time', 'turnover', 'avg_vol_last_100', 'MACDh_12_26_9', 'BBB_5_2.0', 'BBP_5_2.0', 'RSI', 'STOCHd_14_3_3', 'ROC', 'CCI']",0.5179640718562875
RFE_DecisionTree,24,"['time', 'turnover', 'avg_vol_last_100', 'MACDh_12_26_9', 'BBB_5_2.0', 'BBP_5_2.0', 'RSI', 'STOCHd_14_3_3', 'ROC', 'CCI']",0.5858283433133733
RFE_GaussianNB,24,"['time', 'turnover', 'avg_vol_last_100', 'MACDh_12_26_9', 'BBB_5_2.0', 'BBP_5_2.0', 'RSI', 'STOCHd_14_3_3', 'ROC', 'CCI']",0.5738522954091816
SelectKBest_RandomForest,24,"['low', 'volume', 'turnover', 'MACD_12_26_9', 'MACDh_12_26_9', 'BBL_5_2.0', 'BBB_5_2.0', 'RSI', 'SMA_20', 'ROC']",0.5089820359281437
SelectKBest_LogisticRegression,24,"['low', 'volume', 'turnover', 'MACD_12_26_9', 'MACDh_12_26_9', 'BBL_5_2.0', 'BBB_5_2.0', 'RSI', 'SMA_20', 'ROC']",0.5369261477045908
SelectKBest_KNeighbors,24,"['low', 'volume', 'turnover', 'MACD_12_26_9', 'MACDh_12_26_9', 'BBL_5_2.0', 'BBB_5_2.0', 'RSI', 'SMA_20', 'ROC']",0.5189620758483033
SelectKBest_DecisionTree,24,"['low', 'volume', 'turnover', 'MACD_12_26_9', 'MACDh_12_26_9', 'BBL_5_2.0', 'BBB_5_2.0', 'RSI', 'SMA_20', 'ROC']",0.5409181636726547
SelectKBest_GaussianNB,24,"['low', 'volume', 'turnover', 'MACD_12_26_9', 'MACDh_12_26_9', 'BBL_5_2.0', 'BBB_5_2.0', 'RSI', 'SMA_20', 'ROC']",0.5349301397205589
LogisticRegression_RandomForest,24,"['PP', 'R1', 'S1', 'R2', 'S2', 'R3', 'S3', 'BBL_5_2.0', 'BBM_5_2.0', 'BBU_5_2.0', 'SMA_5', 'SMA_10', 'SMA_20', 'EMA_5', 'EMA_10', 'EMA_20']",0.5349301397205589
LogisticRegression_LogisticRegression,24,"['PP', 'R1', 'S1', 'R2', 'S2', 'R3', 'S3', 'BBL_5_2.0', 'BBM_5_2.0', 'BBU_5_2.0', 'SMA_5', 'SMA_10', 'SMA_20', 'EMA_5', 'EMA_10', 'EMA_20']",0.56187624750499
LogisticRegression_KNeighbors,24,"['PP', 'R1', 'S1', 'R2', 'S2', 'R3', 'S3', 'BBL_5_2.0', 'BBM_5_2.0', 'BBU_5_2.0', 'SMA_5', 'SMA_10', 'SMA_20', 'EMA_5', 'EMA_10', 'EMA_20']",0.5219560878243513
LogisticRegression_DecisionTree,24,"['PP', 'R1', 'S1', 'R2', 'S2', 'R3', 'S3', 'BBL_5_2.0', 'BBM_5_2.0', 'BBU_5_2.0', 'SMA_5', 'SMA_10', 'SMA_20', 'EMA_5', 'EMA_10', 'EMA_20']",0.5299401197604791
LogisticRegression_GaussianNB,24,"['PP', 'R1', 'S1', 'R2', 'S2', 'R3', 'S3', 'BBL_5_2.0', 'BBM_5_2.0', 'BBU_5_2.0', 'SMA_5', 'SMA_10', 'SMA_20', 'EMA_5', 'EMA_10', 'EMA_20']",0.5209580838323353
RFA_RandomForest,27,"['MACDh_12_26_9', 'volume', 'BBL_5_2.0', 'time', 'MACDs_12_26_9', 'turnover', 'avg_vol_last_100', 'close', 'RSI', 'MACD_12_26_9', 'BBP_5_2.0', 'high', 'SMA_5', 'BBB_5_2.0', 'S1', 'R2', 'EMA_20', 'PP', 'SMA_10', 'low', 'EMA_5', 'R1', 'STOCHk_14_3_3', 'ATR', 'BBM_5_2.0', 'ROC', 'S3', 'R3', 'S2', 'STOCHd_14_3_3', 'EMA_10', 'CCI', 'SMA_20', 'open', 'BBU_5_2.0']",0.601123595505618
RFA_LogisticRegression,27,"['MACDh_12_26_9', 'volume', 'BBL_5_2.0', 'time', 'MACDs_12_26_9', 'turnover', 'avg_vol_last_100', 'close', 'RSI', 'MACD_12_26_9', 'BBP_5_2.0', 'high', 'SMA_5', 'BBB_5_2.0', 'S1', 'R2', 'EMA_20', 'PP', 'SMA_10', 'low', 'EMA_5', 'R1', 'STOCHk_14_3_3', 'ATR', 'BBM_5_2.0', 'ROC', 'S3', 'R3', 'S2', 'STOCHd_14_3_3', 'EMA_10', 'CCI', 'SMA_20', 'open', 'BBU_5_2.0']",0.5314606741573034
RFA_KNeighbors,27,"['MACDh_12_26_9', 'volume', 'BBL_5_2.0', 'time', 'MACDs_12_26_9', 'turnover', 'avg_vol_last_100', 'close', 'RSI', 'MACD_12_26_9', 'BBP_5_2.0', 'high', 'SMA_5', 'BBB_5_2.0', 'S1', 'R2', 'EMA_20', 'PP', 'SMA_10', 'low', 'EMA_5', 'R1', 'STOCHk_14_3_3', 'ATR', 'BBM_5_2.0', 'ROC', 'S3', 'R3', 'S2', 'STOCHd_14_3_3', 'EMA_10', 'CCI', 'SMA_20', 'open', 'BBU_5_2.0']",0.5179775280898876
RFA_DecisionTree,27,"['MACDh_12_26_9', 'volume', 'BBL_5_2.0', 'time', 'MACDs_12_26_9', 'turnover', 'avg_vol_last_100', 'close', 'RSI', 'MACD_12_26_9', 'BBP_5_2.0', 'high', 'SMA_5', 'BBB_5_2.0', 'S1', 'R2', 'EMA_20', 'PP', 'SMA_10', 'low', 'EMA_5', 'R1', 'STOCHk_14_3_3', 'ATR', 'BBM_5_2.0', 'ROC', 'S3', 'R3', 'S2', 'STOCHd_14_3_3', 'EMA_10', 'CCI', 'SMA_20', 'open', 'BBU_5_2.0']",0.5426966292134832
RFA_GaussianNB,27,"['MACDh_12_26_9', 'volume', 'BBL_5_2.0', 'time', 'MACDs_12_26_9', 'turnover', 'avg_vol_last_100', 'close', 'RSI', 'MACD_12_26_9', 'BBP_5_2.0', 'high', 'SMA_5', 'BBB_5_2.0', 'S1', 'R2', 'EMA_20', 'PP', 'SMA_10', 'low', 'EMA_5', 'R1', 'STOCHk_14_3_3', 'ATR', 'BBM_5_2.0', 'ROC', 'S3', 'R3', 'S2', 'STOCHd_14_3_3', 'EMA_10', 'CCI', 'SMA_20', 'open', 'BBU_5_2.0']",0.5235955056179775
RFE_RandomForest,27,"['volume', 'MACDh_12_26_9', 'S3', 'BBB_5_2.0', 'BBP_5_2.0', 'RSI', 'STOCHd_14_3_3', 'ATR', 'ROC', 'CCI']",0.6460674157303371
RFE_LogisticRegression,27,"['volume', 'MACDh_12_26_9', 'S3', 'BBB_5_2.0', 'BBP_5_2.0', 'RSI', 'STOCHd_14_3_3', 'ATR', 'ROC', 'CCI']",0.547191011235955
RFE_KNeighbors,27,"['volume', 'MACDh_12_26_9', 'S3', 'BBB_5_2.0', 'BBP_5_2.0', 'RSI', 'STOCHd_14_3_3', 'ATR', 'ROC', 'CCI']",0.5044943820224719
RFE_DecisionTree,27,"['volume', 'MACDh_12_26_9', 'S3', 'BBB_5_2.0', 'BBP_5_2.0', 'RSI', 'STOCHd_14_3_3', 'ATR', 'ROC', 'CCI']",0.5483146067415731
RFE_GaussianNB,27,"['volume', 'MACDh_12_26_9', 'S3', 'BBB_5_2.0', 'BBP_5_2.0', 'RSI', 'STOCHd_14_3_3', 'ATR', 'ROC', 'CCI']",0.5685393258426966
SelectKBest_RandomForest,27,"['high', 'volume', 'turnover', 'MACDh_12_26_9', 'BBB_5_2.0', 'RSI', 'STOCHk_14_3_3', 'STOCHd_14_3_3', 'ROC', 'CCI']",0.553932584269663
SelectKBest_LogisticRegression,27,"['high', 'volume', 'turnover', 'MACDh_12_26_9', 'BBB_5_2.0', 'RSI', 'STOCHk_14_3_3', 'STOCHd_14_3_3', 'ROC', 'CCI']",0.5483146067415731
SelectKBest_KNeighbors,27,"['high', 'volume', 'turnover', 'MACDh_12_26_9', 'BBB_5_2.0', 'RSI', 'STOCHk_14_3_3', 'STOCHd_14_3_3', 'ROC', 'CCI']",0.5292134831460674
SelectKBest_DecisionTree,27,"['high', 'volume', 'turnover', 'MACDh_12_26_9', 'BBB_5_2.0', 'RSI', 'STOCHk_14_3_3', 'STOCHd_14_3_3', 'ROC', 'CCI']",0.5168539325842697
SelectKBest_GaussianNB,27,"['high', 'volume', 'turnover', 'MACDh_12_26_9', 'BBB_5_2.0', 'RSI', 'STOCHk_14_3_3', 'STOCHd_14_3_3', 'ROC', 'CCI']",0.553932584269663
LogisticRegression_RandomForest,27,"['PP', 'R1', 'S1', 'R2', 'S2', 'R3', 'S3', 'BBL_5_2.0', 'BBM_5_2.0', 'BBU_5_2.0', 'SMA_5', 'SMA_10', 'SMA_20', 'EMA_5', 'EMA_10', 'EMA_20']",0.5258426966292135
LogisticRegression_LogisticRegression,27,"['PP', 'R1', 'S1', 'R2', 'S2', 'R3', 'S3', 'BBL_5_2.0', 'BBM_5_2.0', 'BBU_5_2.0', 'SMA_5', 'SMA_10', 'SMA_20', 'EMA_5', 'EMA_10', 'EMA_20']",0.5786516853932584
LogisticRegression_KNeighbors,27,"['PP', 'R1', 'S1', 'R2', 'S2', 'R3', 'S3', 'BBL_5_2.0', 'BBM_5_2.0', 'BBU_5_2.0', 'SMA_5', 'SMA_10', 'SMA_20', 'EMA_5', 'EMA_10', 'EMA_20']",0.5134831460674157
LogisticRegression_DecisionTree,27,"['PP', 'R1', 'S1', 'R2', 'S2', 'R3', 'S3', 'BBL_5_2.0', 'BBM_5_2.0', 'BBU_5_2.0', 'SMA_5', 'SMA_10', 'SMA_20', 'EMA_5', 'EMA_10', 'EMA_20']",0.49550561797752807
LogisticRegression_GaussianNB,27,"['PP', 'R1', 'S1', 'R2', 'S2', 'R3', 'S3', 'BBL_5_2.0', 'BBM_5_2.0', 'BBU_5_2.0', 'SMA_5', 'SMA_10', 'SMA_20', 'EMA_5', 'EMA_10', 'EMA_20']",0.5123595505617977
RFA_RandomForest,30,"['MACDh_12_26_9', 'volume', 'R3', 'S1', 'BBB_5_2.0', 'turnover', 'BBP_5_2.0', 'low', 'time', 'S3', 'R1', 'BBM_5_2.0', 'PP', 'RSI', 'close', 'MACDs_12_26_9', 'high', 'R2', 'MACD_12_26_9', 'open', 'STOCHk_14_3_3', 'S2', 'CCI', 'BBU_5_2.0', 'EMA_10', 'STOCHd_14_3_3', 'BBL_5_2.0', 'SMA_10', 'avg_vol_last_100', 'SMA_5', 'SMA_20', 'ATR', 'EMA_20', 'ROC', 'EMA_5']",0.6125
RFA_LogisticRegression,30,"['MACDh_12_26_9', 'volume', 'R3', 'S1', 'BBB_5_2.0', 'turnover', 'BBP_5_2.0', 'low', 'time', 'S3', 'R1', 'BBM_5_2.0', 'PP', 'RSI', 'close', 'MACDs_12_26_9', 'high', 'R2', 'MACD_12_26_9', 'open', 'STOCHk_14_3_3', 'S2', 'CCI', 'BBU_5_2.0', 'EMA_10', 'STOCHd_14_3_3', 'BBL_5_2.0', 'SMA_10', 'avg_vol_last_100', 'SMA_5', 'SMA_20', 'ATR', 'EMA_20', 'ROC', 'EMA_5']",0.565
RFA_KNeighbors,30,"['MACDh_12_26_9', 'volume', 'R3', 'S1', 'BBB_5_2.0', 'turnover', 'BBP_5_2.0', 'low', 'time', 'S3', 'R1', 'BBM_5_2.0', 'PP', 'RSI', 'close', 'MACDs_12_26_9', 'high', 'R2', 'MACD_12_26_9', 'open', 'STOCHk_14_3_3', 'S2', 'CCI', 'BBU_5_2.0', 'EMA_10', 'STOCHd_14_3_3', 'BBL_5_2.0', 'SMA_10', 'avg_vol_last_100', 'SMA_5', 'SMA_20', 'ATR', 'EMA_20', 'ROC', 'EMA_5']",0.52625
RFA_DecisionTree,30,"['MACDh_12_26_9', 'volume', 'R3', 'S1', 'BBB_5_2.0', 'turnover', 'BBP_5_2.0', 'low', 'time', 'S3', 'R1', 'BBM_5_2.0', 'PP', 'RSI', 'close', 'MACDs_12_26_9', 'high', 'R2', 'MACD_12_26_9', 'open', 'STOCHk_14_3_3', 'S2', 'CCI', 'BBU_5_2.0', 'EMA_10', 'STOCHd_14_3_3', 'BBL_5_2.0', 'SMA_10', 'avg_vol_last_100', 'SMA_5', 'SMA_20', 'ATR', 'EMA_20', 'ROC', 'EMA_5']",0.58375
RFA_GaussianNB,30,"['MACDh_12_26_9', 'volume', 'R3', 'S1', 'BBB_5_2.0', 'turnover', 'BBP_5_2.0', 'low', 'time', 'S3', 'R1', 'BBM_5_2.0', 'PP', 'RSI', 'close', 'MACDs_12_26_9', 'high', 'R2', 'MACD_12_26_9', 'open', 'STOCHk_14_3_3', 'S2', 'CCI', 'BBU_5_2.0', 'EMA_10', 'STOCHd_14_3_3', 'BBL_5_2.0', 'SMA_10', 'avg_vol_last_100', 'SMA_5', 'SMA_20', 'ATR', 'EMA_20', 'ROC', 'EMA_5']",0.49
RFE_RandomForest,30,"['time', 'volume', 'turnover', 'MACDh_12_26_9', 'BBB_5_2.0', 'BBP_5_2.0', 'RSI', 'STOCHk_14_3_3', 'ROC', 'CCI']",0.62625
RFE_LogisticRegression,30,"['time', 'volume', 'turnover', 'MACDh_12_26_9', 'BBB_5_2.0', 'BBP_5_2.0', 'RSI', 'STOCHk_14_3_3', 'ROC', 'CCI']",0.565
RFE_KNeighbors,30,"['time', 'volume', 'turnover', 'MACDh_12_26_9', 'BBB_5_2.0', 'BBP_5_2.0', 'RSI', 'STOCHk_14_3_3', 'ROC', 'CCI']",0.53375
RFE_DecisionTree,30,"['time', 'volume', 'turnover', 'MACDh_12_26_9', 'BBB_5_2.0', 'BBP_5_2.0', 'RSI', 'STOCHk_14_3_3', 'ROC', 'CCI']",0.55375
RFE_GaussianNB,30,"['time', 'volume', 'turnover', 'MACDh_12_26_9', 'BBB_5_2.0', 'BBP_5_2.0', 'RSI', 'STOCHk_14_3_3', 'ROC', 'CCI']",0.59875
SelectKBest_RandomForest,30,"['time', 'high', 'volume', 'turnover', 'S2', 'S3', 'BBU_5_2.0', 'BBB_5_2.0', 'BBP_5_2.0', 'ATR']",0.6325
SelectKBest_LogisticRegression,30,"['time', 'high', 'volume', 'turnover', 'S2', 'S3', 'BBU_5_2.0', 'BBB_5_2.0', 'BBP_5_2.0', 'ATR']",0.565
SelectKBest_KNeighbors,30,"['time', 'high', 'volume', 'turnover', 'S2', 'S3', 'BBU_5_2.0', 'BBB_5_2.0', 'BBP_5_2.0', 'ATR']",0.5225
SelectKBest_DecisionTree,30,"['time', 'high', 'volume', 'turnover', 'S2', 'S3', 'BBU_5_2.0', 'BBB_5_2.0', 'BBP_5_2.0', 'ATR']",0.575
SelectKBest_GaussianNB,30,"['time', 'high', 'volume', 'turnover', 'S2', 'S3', 'BBU_5_2.0', 'BBB_5_2.0', 'BBP_5_2.0', 'ATR']",0.5375
LogisticRegression_RandomForest,30,"['PP', 'R1', 'S1', 'R2', 'S2', 'R3', 'S3', 'BBL_5_2.0', 'BBM_5_2.0', 'BBU_5_2.0', 'SMA_5', 'SMA_10', 'SMA_20', 'EMA_5', 'EMA_10', 'EMA_20']",0.54625
LogisticRegression_LogisticRegression,30,"['PP', 'R1', 'S1', 'R2', 'S2', 'R3', 'S3', 'BBL_5_2.0', 'BBM_5_2.0', 'BBU_5_2.0', 'SMA_5', 'SMA_10', 'SMA_20', 'EMA_5', 'EMA_10', 'EMA_20']",0.61
LogisticRegression_KNeighbors,30,"['PP', 'R1', 'S1', 'R2', 'S2', 'R3', 'S3', 'BBL_5_2.0', 'BBM_5_2.0', 'BBU_5_2.0', 'SMA_5', 'SMA_10', 'SMA_20', 'EMA_5', 'EMA_10', 'EMA_20']",0.54
LogisticRegression_DecisionTree,30,"['PP', 'R1', 'S1', 'R2', 'S2', 'R3', 'S3', 'BBL_5_2.0', 'BBM_5_2.0', 'BBU_5_2.0', 'SMA_5', 'SMA_10', 'SMA_20', 'EMA_5', 'EMA_10', 'EMA_20']",0.5475
LogisticRegression_GaussianNB,30,"['PP', 'R1', 'S1', 'R2', 'S2', 'R3', 'S3', 'BBL_5_2.0', 'BBM_5_2.0', 'BBU_5_2.0', 'SMA_5', 'SMA_10', 'SMA_20', 'EMA_5', 'EMA_10', 'EMA_20']",0.475
RFA_RandomForest,33,"['MACDs_12_26_9', 'MACD_12_26_9', 'high', 'MACDh_12_26_9', 'close', 'R1', 'turnover', 'BBB_5_2.0', 'PP', 'R3', 'volume', 'S2', 'avg_vol_last_100', 'BBL_5_2.0', 'S3', 'BBP_5_2.0', 'S1', 'CCI', 'time', 'ROC', 'ATR', 'RSI', 'STOCHk_14_3_3', 'R2', 'SMA_20', 'BBU_5_2.0', 'EMA_10', 'EMA_5', 'BBM_5_2.0', 'SMA_10', 'STOCHd_14_3_3', 'SMA_5', 'open', 'low', 'EMA_20']",0.5804676753782668
RFA_LogisticRegression,33,"['MACDs_12_26_9', 'MACD_12_26_9', 'high', 'MACDh_12_26_9', 'close', 'R1', 'turnover', 'BBB_5_2.0', 'PP', 'R3', 'volume', 'S2', 'avg_vol_last_100', 'BBL_5_2.0', 'S3', 'BBP_5_2.0', 'S1', 'CCI', 'time', 'ROC', 'ATR', 'RSI', 'STOCHk_14_3_3', 'R2', 'SMA_20', 'BBU_5_2.0', 'EMA_10', 'EMA_5', 'BBM_5_2.0', 'SMA_10', 'STOCHd_14_3_3', 'SMA_5', 'open', 'low', 'EMA_20']",0.5089408528198074
RFA_KNeighbors,33,"['MACDs_12_26_9', 'MACD_12_26_9', 'high', 'MACDh_12_26_9', 'close', 'R1', 'turnover', 'BBB_5_2.0', 'PP', 'R3', 'volume', 'S2', 'avg_vol_last_100', 'BBL_5_2.0', 'S3', 'BBP_5_2.0', 'S1', 'CCI', 'time', 'ROC', 'ATR', 'RSI', 'STOCHk_14_3_3', 'R2', 'SMA_20', 'BBU_5_2.0', 'EMA_10', 'EMA_5', 'BBM_5_2.0', 'SMA_10', 'STOCHd_14_3_3', 'SMA_5', 'open', 'low', 'EMA_20']",0.4814305364511692
RFA_DecisionTree,33,"['MACDs_12_26_9', 'MACD_12_26_9', 'high', 'MACDh_12_26_9', 'close', 'R1', 'turnover', 'BBB_5_2.0', 'PP', 'R3', 'volume', 'S2', 'avg_vol_last_100', 'BBL_5_2.0', 'S3', 'BBP_5_2.0', 'S1', 'CCI', 'time', 'ROC', 'ATR', 'RSI', 'STOCHk_14_3_3', 'R2', 'SMA_20', 'BBU_5_2.0', 'EMA_10', 'EMA_5', 'BBM_5_2.0', 'SMA_10', 'STOCHd_14_3_3', 'SMA_5', 'open', 'low', 'EMA_20']",0.5763411279229711
RFA_GaussianNB,33,"['MACDs_12_26_9', 'MACD_12_26_9', 'high', 'MACDh_12_26_9', 'close', 'R1', 'turnover', 'BBB_5_2.0', 'PP', 'R3', 'volume', 'S2', 'avg_vol_last_100', 'BBL_5_2.0', 'S3', 'BBP_5_2.0', 'S1', 'CCI', 'time', 'ROC', 'ATR', 'RSI', 'STOCHk_14_3_3', 'R2', 'SMA_20', 'BBU_5_2.0', 'EMA_10', 'EMA_5', 'BBM_5_2.0', 'SMA_10', 'STOCHd_14_3_3', 'SMA_5', 'open', 'low', 'EMA_20']",0.5048143053645117
RFE_RandomForest,33,"['volume', 'turnover', 'S2', 'BBB_5_2.0', 'BBP_5_2.0', 'RSI', 'STOCHd_14_3_3', 'ATR', 'ROC', 'CCI']",0.6492434662998624
RFE_LogisticRegression,33,"['volume', 'turnover', 'S2', 'BBB_5_2.0', 'BBP_5_2.0', 'RSI', 'STOCHd_14_3_3', 'ATR', 'ROC', 'CCI']",0.5089408528198074
RFE_KNeighbors,33,"['volume', 'turnover', 'S2', 'BBB_5_2.0', 'BBP_5_2.0', 'RSI', 'STOCHd_14_3_3', 'ATR', 'ROC', 'CCI']",0.5295735900962861
RFE_DecisionTree,33,"['volume', 'turnover', 'S2', 'BBB_5_2.0', 'BBP_5_2.0', 'RSI', 'STOCHd_14_3_3', 'ATR', 'ROC', 'CCI']",0.5680880330123796
RFE_GaussianNB,33,"['volume', 'turnover', 'S2', 'BBB_5_2.0', 'BBP_5_2.0', 'RSI', 'STOCHd_14_3_3', 'ATR', 'ROC', 'CCI']",0.5515818431911967
SelectKBest_RandomForest,33,"['high', 'volume', 'turnover', 'MACD_12_26_9', 'MACDs_12_26_9', 'S2', 'S3', 'BBU_5_2.0', 'BBB_5_2.0', 'BBP_5_2.0']",0.6121045392022009
SelectKBest_LogisticRegression,33,"['high', 'volume', 'turnover', 'MACD_12_26_9', 'MACDs_12_26_9', 'S2', 'S3', 'BBU_5_2.0', 'BBB_5_2.0', 'BBP_5_2.0']",0.5667125171939478
SelectKBest_KNeighbors,33,"['high', 'volume', 'turnover', 'MACD_12_26_9', 'MACDs_12_26_9', 'S2', 'S3', 'BBU_5_2.0', 'BBB_5_2.0', 'BBP_5_2.0']",0.4938101788170564
SelectKBest_DecisionTree,33,"['high', 'volume', 'turnover', 'MACD_12_26_9', 'MACDs_12_26_9', 'S2', 'S3', 'BBU_5_2.0', 'BBB_5_2.0', 'BBP_5_2.0']",0.5639614855570839
SelectKBest_GaussianNB,33,"['high', 'volume', 'turnover', 'MACD_12_26_9', 'MACDs_12_26_9', 'S2', 'S3', 'BBU_5_2.0', 'BBB_5_2.0', 'BBP_5_2.0']",0.5515818431911967
LogisticRegression_RandomForest,33,"['PP', 'R1', 'S1', 'R2', 'S2', 'R3', 'S3', 'BBL_5_2.0', 'BBM_5_2.0', 'BBU_5_2.0', 'SMA_5', 'SMA_10', 'SMA_20', 'EMA_5', 'EMA_10', 'EMA_20']",0.4951856946354883
LogisticRegression_LogisticRegression,33,"['PP', 'R1', 'S1', 'R2', 'S2', 'R3', 'S3', 'BBL_5_2.0', 'BBM_5_2.0', 'BBU_5_2.0', 'SMA_5', 'SMA_10', 'SMA_20', 'EMA_5', 'EMA_10', 'EMA_20']",0.5667125171939478
LogisticRegression_KNeighbors,33,"['PP', 'R1', 'S1', 'R2', 'S2', 'R3', 'S3', 'BBL_5_2.0', 'BBM_5_2.0', 'BBU_5_2.0', 'SMA_5', 'SMA_10', 'SMA_20', 'EMA_5', 'EMA_10', 'EMA_20']",0.48693259972489683
LogisticRegression_DecisionTree,33,"['PP', 'R1', 'S1', 'R2', 'S2', 'R3', 'S3', 'BBL_5_2.0', 'BBM_5_2.0', 'BBU_5_2.0', 'SMA_5', 'SMA_10', 'SMA_20', 'EMA_5', 'EMA_10', 'EMA_20']",0.5089408528198074
LogisticRegression_GaussianNB,33,"['PP', 'R1', 'S1', 'R2', 'S2', 'R3', 'S3', 'BBL_5_2.0', 'BBM_5_2.0', 'BBU_5_2.0', 'SMA_5', 'SMA_10', 'SMA_20', 'EMA_5', 'EMA_10', 'EMA_20']",0.5006877579092159
RFA_RandomForest,36,"['MACDs_12_26_9', 'volume', 'low', 'MACDh_12_26_9', 'PP', 'turnover', 'BBU_5_2.0', 'R1', 'RSI', 'BBP_5_2.0', 'BBB_5_2.0', 'SMA_5', 'avg_vol_last_100', 'R2', 'MACD_12_26_9', 'STOCHk_14_3_3', 'STOCHd_14_3_3', 'open', 'ROC', 'S1', 'R3', 'high', 'BBM_5_2.0', 'EMA_5', 'BBL_5_2.0', 'EMA_10', 'SMA_10', 'EMA_20', 'time', 'S3', 'close', 'ATR', 'SMA_20', 'S2', 'CCI']",0.5930930930930931
RFA_LogisticRegression,36,"['MACDs_12_26_9', 'volume', 'low', 'MACDh_12_26_9', 'PP', 'turnover', 'BBU_5_2.0', 'R1', 'RSI', 'BBP_5_2.0', 'BBB_5_2.0', 'SMA_5', 'avg_vol_last_100', 'R2', 'MACD_12_26_9', 'STOCHk_14_3_3', 'STOCHd_14_3_3', 'open', 'ROC', 'S1', 'R3', 'high', 'BBM_5_2.0', 'EMA_5', 'BBL_5_2.0', 'EMA_10', 'SMA_10', 'EMA_20', 'time', 'S3', 'close', 'ATR', 'SMA_20', 'S2', 'CCI']",0.5075075075075075
RFA_KNeighbors,36,"['MACDs_12_26_9', 'volume', 'low', 'MACDh_12_26_9', 'PP', 'turnover', 'BBU_5_2.0', 'R1', 'RSI', 'BBP_5_2.0', 'BBB_5_2.0', 'SMA_5', 'avg_vol_last_100', 'R2', 'MACD_12_26_9', 'STOCHk_14_3_3', 'STOCHd_14_3_3', 'open', 'ROC', 'S1', 'R3', 'high', 'BBM_5_2.0', 'EMA_5', 'BBL_5_2.0', 'EMA_10', 'SMA_10', 'EMA_20', 'time', 'S3', 'close', 'ATR', 'SMA_20', 'S2', 'CCI']",0.49099099099099097
RFA_DecisionTree,36,"['MACDs_12_26_9', 'volume', 'low', 'MACDh_12_26_9', 'PP', 'turnover', 'BBU_5_2.0', 'R1', 'RSI', 'BBP_5_2.0', 'BBB_5_2.0', 'SMA_5', 'avg_vol_last_100', 'R2', 'MACD_12_26_9', 'STOCHk_14_3_3', 'STOCHd_14_3_3', 'open', 'ROC', 'S1', 'R3', 'high', 'BBM_5_2.0', 'EMA_5', 'BBL_5_2.0', 'EMA_10', 'SMA_10', 'EMA_20', 'time', 'S3', 'close', 'ATR', 'SMA_20', 'S2', 'CCI']",0.551051051051051
RFA_GaussianNB,36,"['MACDs_12_26_9', 'volume', 'low', 'MACDh_12_26_9', 'PP', 'turnover', 'BBU_5_2.0', 'R1', 'RSI', 'BBP_5_2.0', 'BBB_5_2.0', 'SMA_5', 'avg_vol_last_100', 'R2', 'MACD_12_26_9', 'STOCHk_14_3_3', 'STOCHd_14_3_3', 'open', 'ROC', 'S1', 'R3', 'high', 'BBM_5_2.0', 'EMA_5', 'BBL_5_2.0', 'EMA_10', 'SMA_10', 'EMA_20', 'time', 'S3', 'close', 'ATR', 'SMA_20', 'S2', 'CCI']",0.4954954954954955
RFE_RandomForest,36,"['low', 'volume', 'turnover', 'avg_vol_last_100', 'BBB_5_2.0', 'BBP_5_2.0', 'RSI', 'STOCHk_14_3_3', 'ROC', 'CCI']",0.6006006006006006
RFE_LogisticRegression,36,"['low', 'volume', 'turnover', 'avg_vol_last_100', 'BBB_5_2.0', 'BBP_5_2.0', 'RSI', 'STOCHk_14_3_3', 'ROC', 'CCI']",0.524024024024024
RFE_KNeighbors,36,"['low', 'volume', 'turnover', 'avg_vol_last_100', 'BBB_5_2.0', 'BBP_5_2.0', 'RSI', 'STOCHk_14_3_3', 'ROC', 'CCI']",0.5435435435435435
RFE_DecisionTree,36,"['low', 'volume', 'turnover', 'avg_vol_last_100', 'BBB_5_2.0', 'BBP_5_2.0', 'RSI', 'STOCHk_14_3_3', 'ROC', 'CCI']",0.566066066066066
RFE_GaussianNB,36,"['low', 'volume', 'turnover', 'avg_vol_last_100', 'BBB_5_2.0', 'BBP_5_2.0', 'RSI', 'STOCHk_14_3_3', 'ROC', 'CCI']",0.5435435435435435
SelectKBest_RandomForest,36,"['volume', 'turnover', 'avg_vol_last_100', 'MACD_12_26_9', 'MACDh_12_26_9', 'BBB_5_2.0', 'RSI', 'ATR', 'ROC', 'CCI']",0.5330330330330331
SelectKBest_LogisticRegression,36,"['volume', 'turnover', 'avg_vol_last_100', 'MACD_12_26_9', 'MACDh_12_26_9', 'BBB_5_2.0', 'RSI', 'ATR', 'ROC', 'CCI']",0.53003003003003
SelectKBest_KNeighbors,36,"['volume', 'turnover', 'avg_vol_last_100', 'MACD_12_26_9', 'MACDh_12_26_9', 'BBB_5_2.0', 'RSI', 'ATR', 'ROC', 'CCI']",0.503003003003003
SelectKBest_DecisionTree,36,"['volume', 'turnover', 'avg_vol_last_100', 'MACD_12_26_9', 'MACDh_12_26_9', 'BBB_5_2.0', 'RSI', 'ATR', 'ROC', 'CCI']",0.5285285285285285
SelectKBest_GaussianNB,36,"['volume', 'turnover', 'avg_vol_last_100', 'MACD_12_26_9', 'MACDh_12_26_9', 'BBB_5_2.0', 'RSI', 'ATR', 'ROC', 'CCI']",0.524024024024024
LogisticRegression_RandomForest,36,"['PP', 'R1', 'S1', 'R2', 'S2', 'R3', 'S3', 'BBL_5_2.0', 'BBM_5_2.0', 'BBU_5_2.0', 'SMA_5', 'SMA_10', 'SMA_20', 'EMA_5', 'EMA_10', 'EMA_20']",0.496996996996997
LogisticRegression_LogisticRegression,36,"['PP', 'R1', 'S1', 'R2', 'S2', 'R3', 'S3', 'BBL_5_2.0', 'BBM_5_2.0', 'BBU_5_2.0', 'SMA_5', 'SMA_10', 'SMA_20', 'EMA_5', 'EMA_10', 'EMA_20']",0.539039039039039
LogisticRegression_KNeighbors,36,"['PP', 'R1', 'S1', 'R2', 'S2', 'R3', 'S3', 'BBL_5_2.0', 'BBM_5_2.0', 'BBU_5_2.0', 'SMA_5', 'SMA_10', 'SMA_20', 'EMA_5', 'EMA_10', 'EMA_20']",0.509009009009009
LogisticRegression_DecisionTree,36,"['PP', 'R1', 'S1', 'R2', 'S2', 'R3', 'S3', 'BBL_5_2.0', 'BBM_5_2.0', 'BBU_5_2.0', 'SMA_5', 'SMA_10', 'SMA_20', 'EMA_5', 'EMA_10', 'EMA_20']",0.4804804804804805
LogisticRegression_GaussianNB,36,"['PP', 'R1', 'S1', 'R2', 'S2', 'R3', 'S3', 'BBL_5_2.0', 'BBM_5_2.0', 'BBU_5_2.0', 'SMA_5', 'SMA_10', 'SMA_20', 'EMA_5', 'EMA_10', 'EMA_20']",0.4864864864864865
RFA_RandomForest,39,"['MACDh_12_26_9', 'S1', 'S3', 'BBP_5_2.0', 'turnover', 'high', 'R2', 'close', 'BBB_5_2.0', 'volume', 'open', 'STOCHk_14_3_3', 'low', 'ATR', 'BBL_5_2.0', 'SMA_5', 'BBM_5_2.0', 'PP', 'SMA_10', 'avg_vol_last_100', 'time', 'MACDs_12_26_9', 'RSI', 'EMA_5', 'ROC', 'EMA_10', 'STOCHd_14_3_3', 'BBU_5_2.0', 'MACD_12_26_9', 'R1', 'R3', 'SMA_20', 'S2', 'CCI', 'EMA_20']",0.5944625407166124
RFA_LogisticRegression,39,"['MACDh_12_26_9', 'S1', 'S3', 'BBP_5_2.0', 'turnover', 'high', 'R2', 'close', 'BBB_5_2.0', 'volume', 'open', 'STOCHk_14_3_3', 'low', 'ATR', 'BBL_5_2.0', 'SMA_5', 'BBM_5_2.0', 'PP', 'SMA_10', 'avg_vol_last_100', 'time', 'MACDs_12_26_9', 'RSI', 'EMA_5', 'ROC', 'EMA_10', 'STOCHd_14_3_3', 'BBU_5_2.0', 'MACD_12_26_9', 'R1', 'R3', 'SMA_20', 'S2', 'CCI', 'EMA_20']",0.5146579804560261
RFA_KNeighbors,39,"['MACDh_12_26_9', 'S1', 'S3', 'BBP_5_2.0', 'turnover', 'high', 'R2', 'close', 'BBB_5_2.0', 'volume', 'open', 'STOCHk_14_3_3', 'low', 'ATR', 'BBL_5_2.0', 'SMA_5', 'BBM_5_2.0', 'PP', 'SMA_10', 'avg_vol_last_100', 'time', 'MACDs_12_26_9', 'RSI', 'EMA_5', 'ROC', 'EMA_10', 'STOCHd_14_3_3', 'BBU_5_2.0', 'MACD_12_26_9', 'R1', 'R3', 'SMA_20', 'S2', 'CCI', 'EMA_20']",0.49348534201954397
RFA_DecisionTree,39,"['MACDh_12_26_9', 'S1', 'S3', 'BBP_5_2.0', 'turnover', 'high', 'R2', 'close', 'BBB_5_2.0', 'volume', 'open', 'STOCHk_14_3_3', 'low', 'ATR', 'BBL_5_2.0', 'SMA_5', 'BBM_5_2.0', 'PP', 'SMA_10', 'avg_vol_last_100', 'time', 'MACDs_12_26_9', 'RSI', 'EMA_5', 'ROC', 'EMA_10', 'STOCHd_14_3_3', 'BBU_5_2.0', 'MACD_12_26_9', 'R1', 'R3', 'SMA_20', 'S2', 'CCI', 'EMA_20']",0.5309446254071661
RFA_GaussianNB,39,"['MACDh_12_26_9', 'S1', 'S3', 'BBP_5_2.0', 'turnover', 'high', 'R2', 'close', 'BBB_5_2.0', 'volume', 'open', 'STOCHk_14_3_3', 'low', 'ATR', 'BBL_5_2.0', 'SMA_5', 'BBM_5_2.0', 'PP', 'SMA_10', 'avg_vol_last_100', 'time', 'MACDs_12_26_9', 'RSI', 'EMA_5', 'ROC', 'EMA_10', 'STOCHd_14_3_3', 'BBU_5_2.0', 'MACD_12_26_9', 'R1', 'R3', 'SMA_20', 'S2', 'CCI', 'EMA_20']",0.498371335504886
RFE_RandomForest,39,"['volume', 'turnover', 'MACDh_12_26_9', 'BBL_5_2.0', 'BBB_5_2.0', 'BBP_5_2.0', 'RSI', 'STOCHd_14_3_3', 'ATR', 'CCI']",0.5879478827361564
RFE_LogisticRegression,39,"['volume', 'turnover', 'MACDh_12_26_9', 'BBL_5_2.0', 'BBB_5_2.0', 'BBP_5_2.0', 'RSI', 'STOCHd_14_3_3', 'ATR', 'CCI']",0.5244299674267101
RFE_KNeighbors,39,"['volume', 'turnover', 'MACDh_12_26_9', 'BBL_5_2.0', 'BBB_5_2.0', 'BBP_5_2.0', 'RSI', 'STOCHd_14_3_3', 'ATR', 'CCI']",0.5276872964169381
RFE_DecisionTree,39,"['volume', 'turnover', 'MACDh_12_26_9', 'BBL_5_2.0', 'BBB_5_2.0', 'BBP_5_2.0', 'RSI', 'STOCHd_14_3_3', 'ATR', 'CCI']",0.5276872964169381
RFE_GaussianNB,39,"['volume', 'turnover', 'MACDh_12_26_9', 'BBL_5_2.0', 'BBB_5_2.0', 'BBP_5_2.0', 'RSI', 'STOCHd_14_3_3', 'ATR', 'CCI']",0.5456026058631922
SelectKBest_RandomForest,39,"['time', 'low', 'volume', 'turnover', 'PP', 'R1', 'R2', 'R3', 'BBL_5_2.0', 'BBB_5_2.0']",0.5537459283387622
SelectKBest_LogisticRegression,39,"['time', 'low', 'volume', 'turnover', 'PP', 'R1', 'R2', 'R3', 'BBL_5_2.0', 'BBB_5_2.0']",0.5146579804560261
SelectKBest_KNeighbors,39,"['time', 'low', 'volume', 'turnover', 'PP', 'R1', 'R2', 'R3', 'BBL_5_2.0', 'BBB_5_2.0']",0.48859934853420195
SelectKBest_DecisionTree,39,"['time', 'low', 'volume', 'turnover', 'PP', 'R1', 'R2', 'R3', 'BBL_5_2.0', 'BBB_5_2.0']",0.511400651465798
SelectKBest_GaussianNB,39,"['time', 'low', 'volume', 'turnover', 'PP', 'R1', 'R2', 'R3', 'BBL_5_2.0', 'BBB_5_2.0']",0.5293159609120521
LogisticRegression_RandomForest,39,"['PP', 'R1', 'S1', 'R2', 'S2', 'R3', 'S3', 'BBL_5_2.0', 'BBM_5_2.0', 'BBU_5_2.0', 'SMA_5', 'SMA_10', 'SMA_20', 'EMA_5', 'EMA_10', 'EMA_20']",0.48697068403908794
LogisticRegression_LogisticRegression,39,"['PP', 'R1', 'S1', 'R2', 'S2', 'R3', 'S3', 'BBL_5_2.0', 'BBM_5_2.0', 'BBU_5_2.0', 'SMA_5', 'SMA_10', 'SMA_20', 'EMA_5', 'EMA_10', 'EMA_20']",0.5325732899022801
LogisticRegression_KNeighbors,39,"['PP', 'R1', 'S1', 'R2', 'S2', 'R3', 'S3', 'BBL_5_2.0', 'BBM_5_2.0', 'BBU_5_2.0', 'SMA_5', 'SMA_10', 'SMA_20', 'EMA_5', 'EMA_10', 'EMA_20']",0.48859934853420195
LogisticRegression_DecisionTree,39,"['PP', 'R1', 'S1', 'R2', 'S2', 'R3', 'S3', 'BBL_5_2.0', 'BBM_5_2.0', 'BBU_5_2.0', 'SMA_5', 'SMA_10', 'SMA_20', 'EMA_5', 'EMA_10', 'EMA_20']",0.47068403908794787
LogisticRegression_GaussianNB,39,"['PP', 'R1', 'S1', 'R2', 'S2', 'R3', 'S3', 'BBL_5_2.0', 'BBM_5_2.0', 'BBU_5_2.0', 'SMA_5', 'SMA_10', 'SMA_20', 'EMA_5', 'EMA_10', 'EMA_20']",0.509771986970684
RFA_RandomForest,42,"['time', 'volume', 'PP', 'turnover', 'BBP_5_2.0', 'S3', 'high', 'MACDs_12_26_9', 'close', 'S1', 'avg_vol_last_100', 'S2', 'SMA_5', 'R1', 'MACDh_12_26_9', 'BBL_5_2.0', 'BBB_5_2.0', 'ATR', 'BBM_5_2.0', 'R3', 'MACD_12_26_9', 'RSI', 'ROC', 'SMA_20', 'STOCHk_14_3_3', 'EMA_20', 'EMA_10', 'open', 'STOCHd_14_3_3', 'BBU_5_2.0', 'R2', 'EMA_5', 'low', 'SMA_10', 'CCI']",0.5491228070175439
RFA_LogisticRegression,42,"['time', 'volume', 'PP', 'turnover', 'BBP_5_2.0', 'S3', 'high', 'MACDs_12_26_9', 'close', 'S1', 'avg_vol_last_100', 'S2', 'SMA_5', 'R1', 'MACDh_12_26_9', 'BBL_5_2.0', 'BBB_5_2.0', 'ATR', 'BBM_5_2.0', 'R3', 'MACD_12_26_9', 'RSI', 'ROC', 'SMA_20', 'STOCHk_14_3_3', 'EMA_20', 'EMA_10', 'open', 'STOCHd_14_3_3', 'BBU_5_2.0', 'R2', 'EMA_5', 'low', 'SMA_10', 'CCI']",0.5385964912280702
RFA_KNeighbors,42,"['time', 'volume', 'PP', 'turnover', 'BBP_5_2.0', 'S3', 'high', 'MACDs_12_26_9', 'close', 'S1', 'avg_vol_last_100', 'S2', 'SMA_5', 'R1', 'MACDh_12_26_9', 'BBL_5_2.0', 'BBB_5_2.0', 'ATR', 'BBM_5_2.0', 'R3', 'MACD_12_26_9', 'RSI', 'ROC', 'SMA_20', 'STOCHk_14_3_3', 'EMA_20', 'EMA_10', 'open', 'STOCHd_14_3_3', 'BBU_5_2.0', 'R2', 'EMA_5', 'low', 'SMA_10', 'CCI']",0.5070175438596491
RFA_DecisionTree,42,"['time', 'volume', 'PP', 'turnover', 'BBP_5_2.0', 'S3', 'high', 'MACDs_12_26_9', 'close', 'S1', 'avg_vol_last_100', 'S2', 'SMA_5', 'R1', 'MACDh_12_26_9', 'BBL_5_2.0', 'BBB_5_2.0', 'ATR', 'BBM_5_2.0', 'R3', 'MACD_12_26_9', 'RSI', 'ROC', 'SMA_20', 'STOCHk_14_3_3', 'EMA_20', 'EMA_10', 'open', 'STOCHd_14_3_3', 'BBU_5_2.0', 'R2', 'EMA_5', 'low', 'SMA_10', 'CCI']",0.543859649122807
RFA_GaussianNB,42,"['time', 'volume', 'PP', 'turnover', 'BBP_5_2.0', 'S3', 'high', 'MACDs_12_26_9', 'close', 'S1', 'avg_vol_last_100', 'S2', 'SMA_5', 'R1', 'MACDh_12_26_9', 'BBL_5_2.0', 'BBB_5_2.0', 'ATR', 'BBM_5_2.0', 'R3', 'MACD_12_26_9', 'RSI', 'ROC', 'SMA_20', 'STOCHk_14_3_3', 'EMA_20', 'EMA_10', 'open', 'STOCHd_14_3_3', 'BBU_5_2.0', 'R2', 'EMA_5', 'low', 'SMA_10', 'CCI']",0.49473684210526314
RFE_RandomForest,42,"['turnover', 'avg_vol_last_100', 'S3', 'BBB_5_2.0', 'BBP_5_2.0', 'RSI', 'STOCHd_14_3_3', 'ATR', 'ROC', 'CCI']",0.6035087719298246
RFE_LogisticRegression,42,"['turnover', 'avg_vol_last_100', 'S3', 'BBB_5_2.0', 'BBP_5_2.0', 'RSI', 'STOCHd_14_3_3', 'ATR', 'ROC', 'CCI']",0.5473684210526316
RFE_KNeighbors,42,"['turnover', 'avg_vol_last_100', 'S3', 'BBB_5_2.0', 'BBP_5_2.0', 'RSI', 'STOCHd_14_3_3', 'ATR', 'ROC', 'CCI']",0.4824561403508772
RFE_DecisionTree,42,"['turnover', 'avg_vol_last_100', 'S3', 'BBB_5_2.0', 'BBP_5_2.0', 'RSI', 'STOCHd_14_3_3', 'ATR', 'ROC', 'CCI']",0.5298245614035088
RFE_GaussianNB,42,"['turnover', 'avg_vol_last_100', 'S3', 'BBB_5_2.0', 'BBP_5_2.0', 'RSI', 'STOCHd_14_3_3', 'ATR', 'ROC', 'CCI']",0.5403508771929825
SelectKBest_RandomForest,42,"['low', 'volume', 'turnover', 'MACDh_12_26_9', 'R3', 'BBL_5_2.0', 'BBB_5_2.0', 'BBP_5_2.0', 'RSI', 'ROC']",0.5789473684210527
SelectKBest_LogisticRegression,42,"['low', 'volume', 'turnover', 'MACDh_12_26_9', 'R3', 'BBL_5_2.0', 'BBB_5_2.0', 'BBP_5_2.0', 'RSI', 'ROC']",0.5385964912280702
SelectKBest_KNeighbors,42,"['low', 'volume', 'turnover', 'MACDh_12_26_9', 'R3', 'BBL_5_2.0', 'BBB_5_2.0', 'BBP_5_2.0', 'RSI', 'ROC']",0.4631578947368421
SelectKBest_DecisionTree,42,"['low', 'volume', 'turnover', 'MACDh_12_26_9', 'R3', 'BBL_5_2.0', 'BBB_5_2.0', 'BBP_5_2.0', 'RSI', 'ROC']",0.5105263157894737
SelectKBest_GaussianNB,42,"['low', 'volume', 'turnover', 'MACDh_12_26_9', 'R3', 'BBL_5_2.0', 'BBB_5_2.0', 'BBP_5_2.0', 'RSI', 'ROC']",0.5508771929824562
LogisticRegression_RandomForest,42,"['PP', 'R1', 'S1', 'R2', 'S2', 'R3', 'S3', 'BBL_5_2.0', 'BBM_5_2.0', 'BBU_5_2.0', 'SMA_5', 'SMA_10', 'SMA_20', 'EMA_5', 'EMA_10', 'EMA_20']",0.48771929824561405
LogisticRegression_LogisticRegression,42,"['PP', 'R1', 'S1', 'R2', 'S2', 'R3', 'S3', 'BBL_5_2.0', 'BBM_5_2.0', 'BBU_5_2.0', 'SMA_5', 'SMA_10', 'SMA_20', 'EMA_5', 'EMA_10', 'EMA_20']",0.5649122807017544
LogisticRegression_KNeighbors,42,"['PP', 'R1', 'S1', 'R2', 'S2', 'R3', 'S3', 'BBL_5_2.0', 'BBM_5_2.0', 'BBU_5_2.0', 'SMA_5', 'SMA_10', 'SMA_20', 'EMA_5', 'EMA_10', 'EMA_20']",0.4982456140350877
LogisticRegression_DecisionTree,42,"['PP', 'R1', 'S1', 'R2', 'S2', 'R3', 'S3', 'BBL_5_2.0', 'BBM_5_2.0', 'BBU_5_2.0', 'SMA_5', 'SMA_10', 'SMA_20', 'EMA_5', 'EMA_10', 'EMA_20']",0.48771929824561405
LogisticRegression_GaussianNB,42,"['PP', 'R1', 'S1', 'R2', 'S2', 'R3', 'S3', 'BBL_5_2.0', 'BBM_5_2.0', 'BBU_5_2.0', 'SMA_5', 'SMA_10', 'SMA_20', 'EMA_5', 'EMA_10', 'EMA_20']",0.4807017543859649
RFA_RandomForest,45,"['turnover', 'R1', 'avg_vol_last_100', 'BBP_5_2.0', 'RSI', 'BBL_5_2.0', 'volume', 'high', 'BBB_5_2.0', 'close', 'MACDs_12_26_9', 'R2', 'MACDh_12_26_9', 'EMA_5', 'low', 'time', 'PP', 'S1', 'STOCHk_14_3_3', 'MACD_12_26_9', 'STOCHd_14_3_3', 'CCI', 'BBM_5_2.0', 'S2', 'ATR', 'SMA_20', 'R3', 'EMA_10', 'ROC', 'BBU_5_2.0', 'SMA_5', 'S3', 'open', 'SMA_10', 'EMA_20']",0.5706214689265536
RFA_LogisticRegression,45,"['turnover', 'R1', 'avg_vol_last_100', 'BBP_5_2.0', 'RSI', 'BBL_5_2.0', 'volume', 'high', 'BBB_5_2.0', 'close', 'MACDs_12_26_9', 'R2', 'MACDh_12_26_9', 'EMA_5', 'low', 'time', 'PP', 'S1', 'STOCHk_14_3_3', 'MACD_12_26_9', 'STOCHd_14_3_3', 'CCI', 'BBM_5_2.0', 'S2', 'ATR', 'SMA_20', 'R3', 'EMA_10', 'ROC', 'BBU_5_2.0', 'SMA_5', 'S3', 'open', 'SMA_10', 'EMA_20']",0.5028248587570622
RFA_KNeighbors,45,"['turnover', 'R1', 'avg_vol_last_100', 'BBP_5_2.0', 'RSI', 'BBL_5_2.0', 'volume', 'high', 'BBB_5_2.0', 'close', 'MACDs_12_26_9', 'R2', 'MACDh_12_26_9', 'EMA_5', 'low', 'time', 'PP', 'S1', 'STOCHk_14_3_3', 'MACD_12_26_9', 'STOCHd_14_3_3', 'CCI', 'BBM_5_2.0', 'S2', 'ATR', 'SMA_20', 'R3', 'EMA_10', 'ROC', 'BBU_5_2.0', 'SMA_5', 'S3', 'open', 'SMA_10', 'EMA_20']",0.487758945386064
RFA_DecisionTree,45,"['turnover', 'R1', 'avg_vol_last_100', 'BBP_5_2.0', 'RSI', 'BBL_5_2.0', 'volume', 'high', 'BBB_5_2.0', 'close', 'MACDs_12_26_9', 'R2', 'MACDh_12_26_9', 'EMA_5', 'low', 'time', 'PP', 'S1', 'STOCHk_14_3_3', 'MACD_12_26_9', 'STOCHd_14_3_3', 'CCI', 'BBM_5_2.0', 'S2', 'ATR', 'SMA_20', 'R3', 'EMA_10', 'ROC', 'BBU_5_2.0', 'SMA_5', 'S3', 'open', 'SMA_10', 'EMA_20']",0.5404896421845574
RFA_GaussianNB,45,"['turnover', 'R1', 'avg_vol_last_100', 'BBP_5_2.0', 'RSI', 'BBL_5_2.0', 'volume', 'high', 'BBB_5_2.0', 'close', 'MACDs_12_26_9', 'R2', 'MACDh_12_26_9', 'EMA_5', 'low', 'time', 'PP', 'S1', 'STOCHk_14_3_3', 'MACD_12_26_9', 'STOCHd_14_3_3', 'CCI', 'BBM_5_2.0', 'S2', 'ATR', 'SMA_20', 'R3', 'EMA_10', 'ROC', 'BBU_5_2.0', 'SMA_5', 'S3', 'open', 'SMA_10', 'EMA_20']",0.4915254237288136
RFE_RandomForest,45,"['volume', 'turnover', 'avg_vol_last_100', 'MACDh_12_26_9', 'BBB_5_2.0', 'BBP_5_2.0', 'RSI', 'STOCHk_14_3_3', 'ROC', 'CCI']",0.5894538606403014
RFE_LogisticRegression,45,"['volume', 'turnover', 'avg_vol_last_100', 'MACDh_12_26_9', 'BBB_5_2.0', 'BBP_5_2.0', 'RSI', 'STOCHk_14_3_3', 'ROC', 'CCI']",0.5310734463276836
RFE_KNeighbors,45,"['volume', 'turnover', 'avg_vol_last_100', 'MACDh_12_26_9', 'BBB_5_2.0', 'BBP_5_2.0', 'RSI', 'STOCHk_14_3_3', 'ROC', 'CCI']",0.5649717514124294
RFE_DecisionTree,45,"['volume', 'turnover', 'avg_vol_last_100', 'MACDh_12_26_9', 'BBB_5_2.0', 'BBP_5_2.0', 'RSI', 'STOCHk_14_3_3', 'ROC', 'CCI']",0.5574387947269304
RFE_GaussianNB,45,"['volume', 'turnover', 'avg_vol_last_100', 'MACDh_12_26_9', 'BBB_5_2.0', 'BBP_5_2.0', 'RSI', 'STOCHk_14_3_3', 'ROC', 'CCI']",0.5423728813559322
SelectKBest_RandomForest,45,"['volume', 'turnover', 'MACD_12_26_9', 'MACDh_12_26_9', 'MACDs_12_26_9', 'BBB_5_2.0', 'BBP_5_2.0', 'RSI', 'ROC', 'CCI']",0.5932203389830508
SelectKBest_LogisticRegression,45,"['volume', 'turnover', 'MACD_12_26_9', 'MACDh_12_26_9', 'MACDs_12_26_9', 'BBB_5_2.0', 'BBP_5_2.0', 'RSI', 'ROC', 'CCI']",0.527306967984934
SelectKBest_KNeighbors,45,"['volume', 'turnover', 'MACD_12_26_9', 'MACDh_12_26_9', 'MACDs_12_26_9', 'BBB_5_2.0', 'BBP_5_2.0', 'RSI', 'ROC', 'CCI']",0.5329566854990584
SelectKBest_DecisionTree,45,"['volume', 'turnover', 'MACD_12_26_9', 'MACDh_12_26_9', 'MACDs_12_26_9', 'BBB_5_2.0', 'BBP_5_2.0', 'RSI', 'ROC', 'CCI']",0.544256120527307
SelectKBest_GaussianNB,45,"['volume', 'turnover', 'MACD_12_26_9', 'MACDh_12_26_9', 'MACDs_12_26_9', 'BBB_5_2.0', 'BBP_5_2.0', 'RSI', 'ROC', 'CCI']",0.5404896421845574
LogisticRegression_RandomForest,45,"['PP', 'R1', 'S1', 'R2', 'S2', 'R3', 'S3', 'BBL_5_2.0', 'BBM_5_2.0', 'BBU_5_2.0', 'SMA_5', 'SMA_10', 'SMA_20', 'EMA_5', 'EMA_10', 'EMA_20']",0.5141242937853108
LogisticRegression_LogisticRegression,45,"['PP', 'R1', 'S1', 'R2', 'S2', 'R3', 'S3', 'BBL_5_2.0', 'BBM_5_2.0', 'BBU_5_2.0', 'SMA_5', 'SMA_10', 'SMA_20', 'EMA_5', 'EMA_10', 'EMA_20']",0.5386064030131826
LogisticRegression_KNeighbors,45,"['PP', 'R1', 'S1', 'R2', 'S2', 'R3', 'S3', 'BBL_5_2.0', 'BBM_5_2.0', 'BBU_5_2.0', 'SMA_5', 'SMA_10', 'SMA_20', 'EMA_5', 'EMA_10', 'EMA_20']",0.5235404896421846
LogisticRegression_DecisionTree,45,"['PP', 'R1', 'S1', 'R2', 'S2', 'R3', 'S3', 'BBL_5_2.0', 'BBM_5_2.0', 'BBU_5_2.0', 'SMA_5', 'SMA_10', 'SMA_20', 'EMA_5', 'EMA_10', 'EMA_20']",0.480225988700565
LogisticRegression_GaussianNB,45,"['PP', 'R1', 'S1', 'R2', 'S2', 'R3', 'S3', 'BBL_5_2.0', 'BBM_5_2.0', 'BBU_5_2.0', 'SMA_5', 'SMA_10', 'SMA_20', 'EMA_5', 'EMA_10', 'EMA_20']",0.4839924670433145
RFA_RandomForest,48,"['time', 'R1', 'turnover', 'BBL_5_2.0', 'S2', 'PP', 'volume', 'open', 'RSI', 'avg_vol_last_100', 'MACDs_12_26_9', 'EMA_20', 'MACDh_12_26_9', 'BBU_5_2.0', 'S1', 'BBP_5_2.0', 'STOCHk_14_3_3', 'SMA_5', 'ROC', 'close', 'BBB_5_2.0', 'R2', 'EMA_10', 'SMA_20', 'ATR', 'BBM_5_2.0', 'high', 'R3', 'CCI', 'SMA_10', 'MACD_12_26_9', 'EMA_5', 'S3', 'STOCHd_14_3_3', 'low']",0.5582329317269076
RFA_LogisticRegression,48,"['time', 'R1', 'turnover', 'BBL_5_2.0', 'S2', 'PP', 'volume', 'open', 'RSI', 'avg_vol_last_100', 'MACDs_12_26_9', 'EMA_20', 'MACDh_12_26_9', 'BBU_5_2.0', 'S1', 'BBP_5_2.0', 'STOCHk_14_3_3', 'SMA_5', 'ROC', 'close', 'BBB_5_2.0', 'R2', 'EMA_10', 'SMA_20', 'ATR', 'BBM_5_2.0', 'high', 'R3', 'CCI', 'SMA_10', 'MACD_12_26_9', 'EMA_5', 'S3', 'STOCHd_14_3_3', 'low']",0.5160642570281124
RFA_KNeighbors,48,"['time', 'R1', 'turnover', 'BBL_5_2.0', 'S2', 'PP', 'volume', 'open', 'RSI', 'avg_vol_last_100', 'MACDs_12_26_9', 'EMA_20', 'MACDh_12_26_9', 'BBU_5_2.0', 'S1', 'BBP_5_2.0', 'STOCHk_14_3_3', 'SMA_5', 'ROC', 'close', 'BBB_5_2.0', 'R2', 'EMA_10', 'SMA_20', 'ATR', 'BBM_5_2.0', 'high', 'R3', 'CCI', 'SMA_10', 'MACD_12_26_9', 'EMA_5', 'S3', 'STOCHd_14_3_3', 'low']",0.43775100401606426
RFA_DecisionTree,48,"['time', 'R1', 'turnover', 'BBL_5_2.0', 'S2', 'PP', 'volume', 'open', 'RSI', 'avg_vol_last_100', 'MACDs_12_26_9', 'EMA_20', 'MACDh_12_26_9', 'BBU_5_2.0', 'S1', 'BBP_5_2.0', 'STOCHk_14_3_3', 'SMA_5', 'ROC', 'close', 'BBB_5_2.0', 'R2', 'EMA_10', 'SMA_20', 'ATR', 'BBM_5_2.0', 'high', 'R3', 'CCI', 'SMA_10', 'MACD_12_26_9', 'EMA_5', 'S3', 'STOCHd_14_3_3', 'low']",0.5622489959839357
RFA_GaussianNB,48,"['time', 'R1', 'turnover', 'BBL_5_2.0', 'S2', 'PP', 'volume', 'open', 'RSI', 'avg_vol_last_100', 'MACDs_12_26_9', 'EMA_20', 'MACDh_12_26_9', 'BBU_5_2.0', 'S1', 'BBP_5_2.0', 'STOCHk_14_3_3', 'SMA_5', 'ROC', 'close', 'BBB_5_2.0', 'R2', 'EMA_10', 'SMA_20', 'ATR', 'BBM_5_2.0', 'high', 'R3', 'CCI', 'SMA_10', 'MACD_12_26_9', 'EMA_5', 'S3', 'STOCHd_14_3_3', 'low']",0.5220883534136547
RFE_RandomForest,48,"['time', 'turnover', 'avg_vol_last_100', 'R3', 'BBB_5_2.0', 'BBP_5_2.0', 'RSI', 'STOCHd_14_3_3', 'ROC', 'CCI']",0.5923694779116466
RFE_LogisticRegression,48,"['time', 'turnover', 'avg_vol_last_100', 'R3', 'BBB_5_2.0', 'BBP_5_2.0', 'RSI', 'STOCHd_14_3_3', 'ROC', 'CCI']",0.5160642570281124
RFE_KNeighbors,48,"['time', 'turnover', 'avg_vol_last_100', 'R3', 'BBB_5_2.0', 'BBP_5_2.0', 'RSI', 'STOCHd_14_3_3', 'ROC', 'CCI']",0.42570281124497994
RFE_DecisionTree,48,"['time', 'turnover', 'avg_vol_last_100', 'R3', 'BBB_5_2.0', 'BBP_5_2.0', 'RSI', 'STOCHd_14_3_3', 'ROC', 'CCI']",0.5602409638554217
RFE_GaussianNB,48,"['time', 'turnover', 'avg_vol_last_100', 'R3', 'BBB_5_2.0', 'BBP_5_2.0', 'RSI', 'STOCHd_14_3_3', 'ROC', 'CCI']",0.5461847389558233
SelectKBest_RandomForest,48,"['open', 'low', 'volume', 'turnover', 'avg_vol_last_100', 'R1', 'R2', 'R3', 'BBL_5_2.0', 'BBP_5_2.0']",0.6184738955823293
SelectKBest_LogisticRegression,48,"['open', 'low', 'volume', 'turnover', 'avg_vol_last_100', 'R1', 'R2', 'R3', 'BBL_5_2.0', 'BBP_5_2.0']",0.5562248995983936
SelectKBest_KNeighbors,48,"['open', 'low', 'volume', 'turnover', 'avg_vol_last_100', 'R1', 'R2', 'R3', 'BBL_5_2.0', 'BBP_5_2.0']",0.4678714859437751
SelectKBest_DecisionTree,48,"['open', 'low', 'volume', 'turnover', 'avg_vol_last_100', 'R1', 'R2', 'R3', 'BBL_5_2.0', 'BBP_5_2.0']",0.5763052208835341
SelectKBest_GaussianNB,48,"['open', 'low', 'volume', 'turnover', 'avg_vol_last_100', 'R1', 'R2', 'R3', 'BBL_5_2.0', 'BBP_5_2.0']",0.5642570281124498
LogisticRegression_RandomForest,48,"['PP', 'R1', 'S1', 'R2', 'S2', 'R3', 'S3', 'BBL_5_2.0', 'BBM_5_2.0', 'BBU_5_2.0', 'SMA_5', 'SMA_10', 'SMA_20', 'EMA_5', 'EMA_10', 'EMA_20']",0.44779116465863456
LogisticRegression_LogisticRegression,48,"['PP', 'R1', 'S1', 'R2', 'S2', 'R3', 'S3', 'BBL_5_2.0', 'BBM_5_2.0', 'BBU_5_2.0', 'SMA_5', 'SMA_10', 'SMA_20', 'EMA_5', 'EMA_10', 'EMA_20']",0.5943775100401606
LogisticRegression_KNeighbors,48,"['PP', 'R1', 'S1', 'R2', 'S2', 'R3', 'S3', 'BBL_5_2.0', 'BBM_5_2.0', 'BBU_5_2.0', 'SMA_5', 'SMA_10', 'SMA_20', 'EMA_5', 'EMA_10', 'EMA_20']",0.4738955823293173
LogisticRegression_DecisionTree,48,"['PP', 'R1', 'S1', 'R2', 'S2', 'R3', 'S3', 'BBL_5_2.0', 'BBM_5_2.0', 'BBU_5_2.0', 'SMA_5', 'SMA_10', 'SMA_20', 'EMA_5', 'EMA_10', 'EMA_20']",0.4497991967871486
LogisticRegression_GaussianNB,48,"['PP', 'R1', 'S1', 'R2', 'S2', 'R3', 'S3', 'BBL_5_2.0', 'BBM_5_2.0', 'BBU_5_2.0', 'SMA_5', 'SMA_10', 'SMA_20', 'EMA_5', 'EMA_10', 'EMA_20']",0.5080321285140562
RFA_RandomForest,51,"['time', 'R3', 'BBU_5_2.0', 'close', 'volume', 'BBM_5_2.0', 'turnover', 'avg_vol_last_100', 'BBB_5_2.0', 'MACDh_12_26_9', 'MACD_12_26_9', 'open', 'BBP_5_2.0', 'low', 'ATR', 'STOCHk_14_3_3', 'R2', 'BBL_5_2.0', 'S2', 'ROC', 'RSI', 'S3', 'MACDs_12_26_9', 'STOCHd_14_3_3', 'PP', 'SMA_20', 'CCI', 'EMA_10', 'S1', 'EMA_20', 'SMA_10', 'EMA_5', 'SMA_5', 'R1', 'high']",0.5747863247863247
RFA_LogisticRegression,51,"['time', 'R3', 'BBU_5_2.0', 'close', 'volume', 'BBM_5_2.0', 'turnover', 'avg_vol_last_100', 'BBB_5_2.0', 'MACDh_12_26_9', 'MACD_12_26_9', 'open', 'BBP_5_2.0', 'low', 'ATR', 'STOCHk_14_3_3', 'R2', 'BBL_5_2.0', 'S2', 'ROC', 'RSI', 'S3', 'MACDs_12_26_9', 'STOCHd_14_3_3', 'PP', 'SMA_20', 'CCI', 'EMA_10', 'S1', 'EMA_20', 'SMA_10', 'EMA_5', 'SMA_5', 'R1', 'high']",0.5470085470085471
RFA_KNeighbors,51,"['time', 'R3', 'BBU_5_2.0', 'close', 'volume', 'BBM_5_2.0', 'turnover', 'avg_vol_last_100', 'BBB_5_2.0', 'MACDh_12_26_9', 'MACD_12_26_9', 'open', 'BBP_5_2.0', 'low', 'ATR', 'STOCHk_14_3_3', 'R2', 'BBL_5_2.0', 'S2', 'ROC', 'RSI', 'S3', 'MACDs_12_26_9', 'STOCHd_14_3_3', 'PP', 'SMA_20', 'CCI', 'EMA_10', 'S1', 'EMA_20', 'SMA_10', 'EMA_5', 'SMA_5', 'R1', 'high']",0.48504273504273504
RFA_DecisionTree,51,"['time', 'R3', 'BBU_5_2.0', 'close', 'volume', 'BBM_5_2.0', 'turnover', 'avg_vol_last_100', 'BBB_5_2.0', 'MACDh_12_26_9', 'MACD_12_26_9', 'open', 'BBP_5_2.0', 'low', 'ATR', 'STOCHk_14_3_3', 'R2', 'BBL_5_2.0', 'S2', 'ROC', 'RSI', 'S3', 'MACDs_12_26_9', 'STOCHd_14_3_3', 'PP', 'SMA_20', 'CCI', 'EMA_10', 'S1', 'EMA_20', 'SMA_10', 'EMA_5', 'SMA_5', 'R1', 'high']",0.5470085470085471
RFA_GaussianNB,51,"['time', 'R3', 'BBU_5_2.0', 'close', 'volume', 'BBM_5_2.0', 'turnover', 'avg_vol_last_100', 'BBB_5_2.0', 'MACDh_12_26_9', 'MACD_12_26_9', 'open', 'BBP_5_2.0', 'low', 'ATR', 'STOCHk_14_3_3', 'R2', 'BBL_5_2.0', 'S2', 'ROC', 'RSI', 'S3', 'MACDs_12_26_9', 'STOCHd_14_3_3', 'PP', 'SMA_20', 'CCI', 'EMA_10', 'S1', 'EMA_20', 'SMA_10', 'EMA_5', 'SMA_5', 'R1', 'high']",0.5363247863247863
RFE_RandomForest,51,"['volume', 'avg_vol_last_100', 'S3', 'BBB_5_2.0', 'BBP_5_2.0', 'RSI', 'STOCHk_14_3_3', 'STOCHd_14_3_3', 'ROC', 'CCI']",0.6025641025641025
RFE_LogisticRegression,51,"['volume', 'avg_vol_last_100', 'S3', 'BBB_5_2.0', 'BBP_5_2.0', 'RSI', 'STOCHk_14_3_3', 'STOCHd_14_3_3', 'ROC', 'CCI']",0.5192307692307693
RFE_KNeighbors,51,"['volume', 'avg_vol_last_100', 'S3', 'BBB_5_2.0', 'BBP_5_2.0', 'RSI', 'STOCHk_14_3_3', 'STOCHd_14_3_3', 'ROC', 'CCI']",0.5470085470085471
RFE_DecisionTree,51,"['volume', 'avg_vol_last_100', 'S3', 'BBB_5_2.0', 'BBP_5_2.0', 'RSI', 'STOCHk_14_3_3', 'STOCHd_14_3_3', 'ROC', 'CCI']",0.5384615384615384
RFE_GaussianNB,51,"['volume', 'avg_vol_last_100', 'S3', 'BBB_5_2.0', 'BBP_5_2.0', 'RSI', 'STOCHk_14_3_3', 'STOCHd_14_3_3', 'ROC', 'CCI']",0.5683760683760684
SelectKBest_RandomForest,51,"['volume', 'turnover', 'MACD_12_26_9', 'BBB_5_2.0', 'BBP_5_2.0', 'RSI', 'STOCHk_14_3_3', 'STOCHd_14_3_3', 'ROC', 'CCI']",0.5897435897435898
SelectKBest_LogisticRegression,51,"['volume', 'turnover', 'MACD_12_26_9', 'BBB_5_2.0', 'BBP_5_2.0', 'RSI', 'STOCHk_14_3_3', 'STOCHd_14_3_3', 'ROC', 'CCI']",0.532051282051282
SelectKBest_KNeighbors,51,"['volume', 'turnover', 'MACD_12_26_9', 'BBB_5_2.0', 'BBP_5_2.0', 'RSI', 'STOCHk_14_3_3', 'STOCHd_14_3_3', 'ROC', 'CCI']",0.5170940170940171
SelectKBest_DecisionTree,51,"['volume', 'turnover', 'MACD_12_26_9', 'BBB_5_2.0', 'BBP_5_2.0', 'RSI', 'STOCHk_14_3_3', 'STOCHd_14_3_3', 'ROC', 'CCI']",0.5576923076923077
SelectKBest_GaussianNB,51,"['volume', 'turnover', 'MACD_12_26_9', 'BBB_5_2.0', 'BBP_5_2.0', 'RSI', 'STOCHk_14_3_3', 'STOCHd_14_3_3', 'ROC', 'CCI']",0.5448717948717948
LogisticRegression_RandomForest,51,"['PP', 'R1', 'S1', 'R2', 'S2', 'R3', 'S3', 'BBM_5_2.0', 'BBU_5_2.0', 'SMA_5', 'SMA_10', 'SMA_20', 'EMA_5', 'EMA_10', 'EMA_20']",0.5085470085470085
LogisticRegression_LogisticRegression,51,"['PP', 'R1', 'S1', 'R2', 'S2', 'R3', 'S3', 'BBM_5_2.0', 'BBU_5_2.0', 'SMA_5', 'SMA_10', 'SMA_20', 'EMA_5', 'EMA_10', 'EMA_20']",0.5897435897435898
LogisticRegression_KNeighbors,51,"['PP', 'R1', 'S1', 'R2', 'S2', 'R3', 'S3', 'BBM_5_2.0', 'BBU_5_2.0', 'SMA_5', 'SMA_10', 'SMA_20', 'EMA_5', 'EMA_10', 'EMA_20']",0.4935897435897436
LogisticRegression_DecisionTree,51,"['PP', 'R1', 'S1', 'R2', 'S2', 'R3', 'S3', 'BBM_5_2.0', 'BBU_5_2.0', 'SMA_5', 'SMA_10', 'SMA_20', 'EMA_5', 'EMA_10', 'EMA_20']",0.5299145299145299
LogisticRegression_GaussianNB,51,"['PP', 'R1', 'S1', 'R2', 'S2', 'R3', 'S3', 'BBM_5_2.0', 'BBU_5_2.0', 'SMA_5', 'SMA_10', 'SMA_20', 'EMA_5', 'EMA_10', 'EMA_20']",0.5213675213675214
RFA_RandomForest,54,"['PP', 'volume', 'MACD_12_26_9', 'turnover', 'RSI', 'BBP_5_2.0', 'avg_vol_last_100', 'high', 'R3', 'R1', 'close', 'MACDh_12_26_9', 'time', 'EMA_10', 'S2', 'STOCHk_14_3_3', 'MACDs_12_26_9', 'EMA_20', 'BBU_5_2.0', 'BBB_5_2.0', 'S3', 'SMA_10', 'BBL_5_2.0', 'SMA_20', 'ROC', 'STOCHd_14_3_3', 'open', 'BBM_5_2.0', 'S1', 'low', 'R2', 'EMA_5', 'ATR', 'SMA_5', 'CCI']",0.5904977375565611
RFA_LogisticRegression,54,"['PP', 'volume', 'MACD_12_26_9', 'turnover', 'RSI', 'BBP_5_2.0', 'avg_vol_last_100', 'high', 'R3', 'R1', 'close', 'MACDh_12_26_9', 'time', 'EMA_10', 'S2', 'STOCHk_14_3_3', 'MACDs_12_26_9', 'EMA_20', 'BBU_5_2.0', 'BBB_5_2.0', 'S3', 'SMA_10', 'BBL_5_2.0', 'SMA_20', 'ROC', 'STOCHd_14_3_3', 'open', 'BBM_5_2.0', 'S1', 'low', 'R2', 'EMA_5', 'ATR', 'SMA_5', 'CCI']",0.5294117647058824
RFA_KNeighbors,54,"['PP', 'volume', 'MACD_12_26_9', 'turnover', 'RSI', 'BBP_5_2.0', 'avg_vol_last_100', 'high', 'R3', 'R1', 'close', 'MACDh_12_26_9', 'time', 'EMA_10', 'S2', 'STOCHk_14_3_3', 'MACDs_12_26_9', 'EMA_20', 'BBU_5_2.0', 'BBB_5_2.0', 'S3', 'SMA_10', 'BBL_5_2.0', 'SMA_20', 'ROC', 'STOCHd_14_3_3', 'open', 'BBM_5_2.0', 'S1', 'low', 'R2', 'EMA_5', 'ATR', 'SMA_5', 'CCI']",0.49095022624434387
RFA_DecisionTree,54,"['PP', 'volume', 'MACD_12_26_9', 'turnover', 'RSI', 'BBP_5_2.0', 'avg_vol_last_100', 'high', 'R3', 'R1', 'close', 'MACDh_12_26_9', 'time', 'EMA_10', 'S2', 'STOCHk_14_3_3', 'MACDs_12_26_9', 'EMA_20', 'BBU_5_2.0', 'BBB_5_2.0', 'S3', 'SMA_10', 'BBL_5_2.0', 'SMA_20', 'ROC', 'STOCHd_14_3_3', 'open', 'BBM_5_2.0', 'S1', 'low', 'R2', 'EMA_5', 'ATR', 'SMA_5', 'CCI']",0.5950226244343891
RFA_GaussianNB,54,"['PP', 'volume', 'MACD_12_26_9', 'turnover', 'RSI', 'BBP_5_2.0', 'avg_vol_last_100', 'high', 'R3', 'R1', 'close', 'MACDh_12_26_9', 'time', 'EMA_10', 'S2', 'STOCHk_14_3_3', 'MACDs_12_26_9', 'EMA_20', 'BBU_5_2.0', 'BBB_5_2.0', 'S3', 'SMA_10', 'BBL_5_2.0', 'SMA_20', 'ROC', 'STOCHd_14_3_3', 'open', 'BBM_5_2.0', 'S1', 'low', 'R2', 'EMA_5', 'ATR', 'SMA_5', 'CCI']",0.45701357466063347
RFE_RandomForest,54,"['volume', 'avg_vol_last_100', 'R2', 'S3', 'BBB_5_2.0', 'BBP_5_2.0', 'RSI', 'STOCHk_14_3_3', 'ROC', 'CCI']",0.6108597285067874
RFE_LogisticRegression,54,"['volume', 'avg_vol_last_100', 'R2', 'S3', 'BBB_5_2.0', 'BBP_5_2.0', 'RSI', 'STOCHk_14_3_3', 'ROC', 'CCI']",0.5067873303167421
RFE_KNeighbors,54,"['volume', 'avg_vol_last_100', 'R2', 'S3', 'BBB_5_2.0', 'BBP_5_2.0', 'RSI', 'STOCHk_14_3_3', 'ROC', 'CCI']",0.5294117647058824
RFE_DecisionTree,54,"['volume', 'avg_vol_last_100', 'R2', 'S3', 'BBB_5_2.0', 'BBP_5_2.0', 'RSI', 'STOCHk_14_3_3', 'ROC', 'CCI']",0.6063348416289592
RFE_GaussianNB,54,"['volume', 'avg_vol_last_100', 'R2', 'S3', 'BBB_5_2.0', 'BBP_5_2.0', 'RSI', 'STOCHk_14_3_3', 'ROC', 'CCI']",0.5339366515837104
SelectKBest_RandomForest,54,"['open', 'low', 'volume', 'turnover', 'PP', 'R1', 'R2', 'R3', 'BBL_5_2.0', 'SMA_5']",0.5067873303167421
SelectKBest_LogisticRegression,54,"['open', 'low', 'volume', 'turnover', 'PP', 'R1', 'R2', 'R3', 'BBL_5_2.0', 'SMA_5']",0.5339366515837104
SelectKBest_KNeighbors,54,"['open', 'low', 'volume', 'turnover', 'PP', 'R1', 'R2', 'R3', 'BBL_5_2.0', 'SMA_5']",0.4434389140271493
SelectKBest_DecisionTree,54,"['open', 'low', 'volume', 'turnover', 'PP', 'R1', 'R2', 'R3', 'BBL_5_2.0', 'SMA_5']",0.5429864253393665
SelectKBest_GaussianNB,54,"['open', 'low', 'volume', 'turnover', 'PP', 'R1', 'R2', 'R3', 'BBL_5_2.0', 'SMA_5']",0.4796380090497738
LogisticRegression_RandomForest,54,"['PP', 'R1', 'S1', 'R2', 'S2', 'R3', 'S3', 'BBL_5_2.0', 'BBM_5_2.0', 'BBU_5_2.0', 'SMA_5', 'SMA_10', 'SMA_20', 'EMA_5', 'EMA_10', 'EMA_20']",0.4841628959276018
LogisticRegression_LogisticRegression,54,"['PP', 'R1', 'S1', 'R2', 'S2', 'R3', 'S3', 'BBL_5_2.0', 'BBM_5_2.0', 'BBU_5_2.0', 'SMA_5', 'SMA_10', 'SMA_20', 'EMA_5', 'EMA_10', 'EMA_20']",0.5361990950226244
LogisticRegression_KNeighbors,54,"['PP', 'R1', 'S1', 'R2', 'S2', 'R3', 'S3', 'BBL_5_2.0', 'BBM_5_2.0', 'BBU_5_2.0', 'SMA_5', 'SMA_10', 'SMA_20', 'EMA_5', 'EMA_10', 'EMA_20']",0.4660633484162896
LogisticRegression_DecisionTree,54,"['PP', 'R1', 'S1', 'R2', 'S2', 'R3', 'S3', 'BBL_5_2.0', 'BBM_5_2.0', 'BBU_5_2.0', 'SMA_5', 'SMA_10', 'SMA_20', 'EMA_5', 'EMA_10', 'EMA_20']",0.5248868778280543
LogisticRegression_GaussianNB,54,"['PP', 'R1', 'S1', 'R2', 'S2', 'R3', 'S3', 'BBL_5_2.0', 'BBM_5_2.0', 'BBU_5_2.0', 'SMA_5', 'SMA_10', 'SMA_20', 'EMA_5', 'EMA_10', 'EMA_20']",0.4683257918552036
RFA_RandomForest,57,"['R2', 'open', 'MACD_12_26_9', 'time', 'close', 'turnover', 'S2', 'MACDs_12_26_9', 'RSI', 'BBM_5_2.0', 'R1', 'volume', 'SMA_20', 'avg_vol_last_100', 'EMA_20', 'ROC', 'BBB_5_2.0', 'SMA_10', 'SMA_5', 'high', 'STOCHk_14_3_3', 'STOCHd_14_3_3', 'BBP_5_2.0', 'MACDh_12_26_9', 'CCI', 'EMA_10', 'EMA_5', 'low', 'ATR', 'BBL_5_2.0', 'BBU_5_2.0', 'R3', 'S3', 'PP', 'S1']",0.5909090909090909
RFA_LogisticRegression,57,"['R2', 'open', 'MACD_12_26_9', 'time', 'close', 'turnover', 'S2', 'MACDs_12_26_9', 'RSI', 'BBM_5_2.0', 'R1', 'volume', 'SMA_20', 'avg_vol_last_100', 'EMA_20', 'ROC', 'BBB_5_2.0', 'SMA_10', 'SMA_5', 'high', 'STOCHk_14_3_3', 'STOCHd_14_3_3', 'BBP_5_2.0', 'MACDh_12_26_9', 'CCI', 'EMA_10', 'EMA_5', 'low', 'ATR', 'BBL_5_2.0', 'BBU_5_2.0', 'R3', 'S3', 'PP', 'S1']",0.4880382775119617
RFA_KNeighbors,57,"['R2', 'open', 'MACD_12_26_9', 'time', 'close', 'turnover', 'S2', 'MACDs_12_26_9', 'RSI', 'BBM_5_2.0', 'R1', 'volume', 'SMA_20', 'avg_vol_last_100', 'EMA_20', 'ROC', 'BBB_5_2.0', 'SMA_10', 'SMA_5', 'high', 'STOCHk_14_3_3', 'STOCHd_14_3_3', 'BBP_5_2.0', 'MACDh_12_26_9', 'CCI', 'EMA_10', 'EMA_5', 'low', 'ATR', 'BBL_5_2.0', 'BBU_5_2.0', 'R3', 'S3', 'PP', 'S1']",0.44976076555023925
RFA_DecisionTree,57,"['R2', 'open', 'MACD_12_26_9', 'time', 'close', 'turnover', 'S2', 'MACDs_12_26_9', 'RSI', 'BBM_5_2.0', 'R1', 'volume', 'SMA_20', 'avg_vol_last_100', 'EMA_20', 'ROC', 'BBB_5_2.0', 'SMA_10', 'SMA_5', 'high', 'STOCHk_14_3_3', 'STOCHd_14_3_3', 'BBP_5_2.0', 'MACDh_12_26_9', 'CCI', 'EMA_10', 'EMA_5', 'low', 'ATR', 'BBL_5_2.0', 'BBU_5_2.0', 'R3', 'S3', 'PP', 'S1']",0.5406698564593302
RFA_GaussianNB,57,"['R2', 'open', 'MACD_12_26_9', 'time', 'close', 'turnover', 'S2', 'MACDs_12_26_9', 'RSI', 'BBM_5_2.0', 'R1', 'volume', 'SMA_20', 'avg_vol_last_100', 'EMA_20', 'ROC', 'BBB_5_2.0', 'SMA_10', 'SMA_5', 'high', 'STOCHk_14_3_3', 'STOCHd_14_3_3', 'BBP_5_2.0', 'MACDh_12_26_9', 'CCI', 'EMA_10', 'EMA_5', 'low', 'ATR', 'BBL_5_2.0', 'BBU_5_2.0', 'R3', 'S3', 'PP', 'S1']",0.5287081339712919
RFE_RandomForest,57,"['volume', 'turnover', 'MACDh_12_26_9', 'S3', 'BBB_5_2.0', 'BBP_5_2.0', 'RSI', 'STOCHk_14_3_3', 'ATR', 'CCI']",0.6196172248803827
RFE_LogisticRegression,57,"['volume', 'turnover', 'MACDh_12_26_9', 'S3', 'BBB_5_2.0', 'BBP_5_2.0', 'RSI', 'STOCHk_14_3_3', 'ATR', 'CCI']",0.5454545454545454
RFE_KNeighbors,57,"['volume', 'turnover', 'MACDh_12_26_9', 'S3', 'BBB_5_2.0', 'BBP_5_2.0', 'RSI', 'STOCHk_14_3_3', 'ATR', 'CCI']",0.5095693779904307
RFE_DecisionTree,57,"['volume', 'turnover', 'MACDh_12_26_9', 'S3', 'BBB_5_2.0', 'BBP_5_2.0', 'RSI', 'STOCHk_14_3_3', 'ATR', 'CCI']",0.5741626794258373
RFE_GaussianNB,57,"['volume', 'turnover', 'MACDh_12_26_9', 'S3', 'BBB_5_2.0', 'BBP_5_2.0', 'RSI', 'STOCHk_14_3_3', 'ATR', 'CCI']",0.5478468899521531
SelectKBest_RandomForest,57,"['volume', 'turnover', 'avg_vol_last_100', 'MACD_12_26_9', 'BBB_5_2.0', 'BBP_5_2.0', 'RSI', 'ATR', 'ROC', 'CCI']",0.6220095693779905
SelectKBest_LogisticRegression,57,"['volume', 'turnover', 'avg_vol_last_100', 'MACD_12_26_9', 'BBB_5_2.0', 'BBP_5_2.0', 'RSI', 'ATR', 'ROC', 'CCI']",0.5430622009569378
SelectKBest_KNeighbors,57,"['volume', 'turnover', 'avg_vol_last_100', 'MACD_12_26_9', 'BBB_5_2.0', 'BBP_5_2.0', 'RSI', 'ATR', 'ROC', 'CCI']",0.4904306220095694
SelectKBest_DecisionTree,57,"['volume', 'turnover', 'avg_vol_last_100', 'MACD_12_26_9', 'BBB_5_2.0', 'BBP_5_2.0', 'RSI', 'ATR', 'ROC', 'CCI']",0.5741626794258373
SelectKBest_GaussianNB,57,"['volume', 'turnover', 'avg_vol_last_100', 'MACD_12_26_9', 'BBB_5_2.0', 'BBP_5_2.0', 'RSI', 'ATR', 'ROC', 'CCI']",0.5430622009569378
LogisticRegression_RandomForest,57,"['PP', 'R1', 'S1', 'R2', 'S2', 'R3', 'S3', 'BBM_5_2.0', 'BBU_5_2.0', 'SMA_5', 'SMA_10', 'SMA_20', 'EMA_5', 'EMA_10', 'EMA_20']",0.4784688995215311
LogisticRegression_LogisticRegression,57,"['PP', 'R1', 'S1', 'R2', 'S2', 'R3', 'S3', 'BBM_5_2.0', 'BBU_5_2.0', 'SMA_5', 'SMA_10', 'SMA_20', 'EMA_5', 'EMA_10', 'EMA_20']",0.5526315789473685
LogisticRegression_KNeighbors,57,"['PP', 'R1', 'S1', 'R2', 'S2', 'R3', 'S3', 'BBM_5_2.0', 'BBU_5_2.0', 'SMA_5', 'SMA_10', 'SMA_20', 'EMA_5', 'EMA_10', 'EMA_20']",0.47607655502392343
LogisticRegression_DecisionTree,57,"['PP', 'R1', 'S1', 'R2', 'S2', 'R3', 'S3', 'BBM_5_2.0', 'BBU_5_2.0', 'SMA_5', 'SMA_10', 'SMA_20', 'EMA_5', 'EMA_10', 'EMA_20']",0.5143540669856459
LogisticRegression_GaussianNB,57,"['PP', 'R1', 'S1', 'R2', 'S2', 'R3', 'S3', 'BBM_5_2.0', 'BBU_5_2.0', 'SMA_5', 'SMA_10', 'SMA_20', 'EMA_5', 'EMA_10', 'EMA_20']",0.5023923444976076
RFA_RandomForest,60,"['MACDs_12_26_9', 'turnover', 'high', 'S3', 'close', 'avg_vol_last_100', 'MACD_12_26_9', 'PP', 'BBP_5_2.0', 'RSI', 'BBM_5_2.0', 'S2', 'STOCHk_14_3_3', 'R1', 'low', 'BBU_5_2.0', 'volume', 'ROC', 'BBB_5_2.0', 'R3', 'R2', 'EMA_20', 'SMA_5', 'EMA_10', 'open', 'time', 'S1', 'STOCHd_14_3_3', 'BBL_5_2.0', 'MACDh_12_26_9', 'ATR', 'SMA_10', 'SMA_20', 'EMA_5', 'CCI']",0.5566750629722922
RFA_LogisticRegression,60,"['MACDs_12_26_9', 'turnover', 'high', 'S3', 'close', 'avg_vol_last_100', 'MACD_12_26_9', 'PP', 'BBP_5_2.0', 'RSI', 'BBM_5_2.0', 'S2', 'STOCHk_14_3_3', 'R1', 'low', 'BBU_5_2.0', 'volume', 'ROC', 'BBB_5_2.0', 'R3', 'R2', 'EMA_20', 'SMA_5', 'EMA_10', 'open', 'time', 'S1', 'STOCHd_14_3_3', 'BBL_5_2.0', 'MACDh_12_26_9', 'ATR', 'SMA_10', 'SMA_20', 'EMA_5', 'CCI']",0.5440806045340051
RFA_KNeighbors,60,"['MACDs_12_26_9', 'turnover', 'high', 'S3', 'close', 'avg_vol_last_100', 'MACD_12_26_9', 'PP', 'BBP_5_2.0', 'RSI', 'BBM_5_2.0', 'S2', 'STOCHk_14_3_3', 'R1', 'low', 'BBU_5_2.0', 'volume', 'ROC', 'BBB_5_2.0', 'R3', 'R2', 'EMA_20', 'SMA_5', 'EMA_10', 'open', 'time', 'S1', 'STOCHd_14_3_3', 'BBL_5_2.0', 'MACDh_12_26_9', 'ATR', 'SMA_10', 'SMA_20', 'EMA_5', 'CCI']",0.473551637279597
RFA_DecisionTree,60,"['MACDs_12_26_9', 'turnover', 'high', 'S3', 'close', 'avg_vol_last_100', 'MACD_12_26_9', 'PP', 'BBP_5_2.0', 'RSI', 'BBM_5_2.0', 'S2', 'STOCHk_14_3_3', 'R1', 'low', 'BBU_5_2.0', 'volume', 'ROC', 'BBB_5_2.0', 'R3', 'R2', 'EMA_20', 'SMA_5', 'EMA_10', 'open', 'time', 'S1', 'STOCHd_14_3_3', 'BBL_5_2.0', 'MACDh_12_26_9', 'ATR', 'SMA_10', 'SMA_20', 'EMA_5', 'CCI']",0.5214105793450882
RFA_GaussianNB,60,"['MACDs_12_26_9', 'turnover', 'high', 'S3', 'close', 'avg_vol_last_100', 'MACD_12_26_9', 'PP', 'BBP_5_2.0', 'RSI', 'BBM_5_2.0', 'S2', 'STOCHk_14_3_3', 'R1', 'low', 'BBU_5_2.0', 'volume', 'ROC', 'BBB_5_2.0', 'R3', 'R2', 'EMA_20', 'SMA_5', 'EMA_10', 'open', 'time', 'S1', 'STOCHd_14_3_3', 'BBL_5_2.0', 'MACDh_12_26_9', 'ATR', 'SMA_10', 'SMA_20', 'EMA_5', 'CCI']",0.5113350125944585
RFE_RandomForest,60,"['volume', 'turnover', 'MACDh_12_26_9', 'R2', 'BBB_5_2.0', 'BBP_5_2.0', 'RSI', 'STOCHk_14_3_3', 'ROC', 'CCI']",0.5617128463476071
RFE_LogisticRegression,60,"['volume', 'turnover', 'MACDh_12_26_9', 'R2', 'BBB_5_2.0', 'BBP_5_2.0', 'RSI', 'STOCHk_14_3_3', 'ROC', 'CCI']",0.5491183879093199
RFE_KNeighbors,60,"['volume', 'turnover', 'MACDh_12_26_9', 'R2', 'BBB_5_2.0', 'BBP_5_2.0', 'RSI', 'STOCHk_14_3_3', 'ROC', 'CCI']",0.49370277078085645
RFE_DecisionTree,60,"['volume', 'turnover', 'MACDh_12_26_9', 'R2', 'BBB_5_2.0', 'BBP_5_2.0', 'RSI', 'STOCHk_14_3_3', 'ROC', 'CCI']",0.5314861460957179
RFE_GaussianNB,60,"['volume', 'turnover', 'MACDh_12_26_9', 'R2', 'BBB_5_2.0', 'BBP_5_2.0', 'RSI', 'STOCHk_14_3_3', 'ROC', 'CCI']",0.5717884130982368
SelectKBest_RandomForest,60,"['low', 'volume', 'turnover', 'R2', 'R3', 'BBL_5_2.0', 'BBB_5_2.0', 'BBP_5_2.0', 'SMA_20', 'EMA_20']",0.5415617128463476
SelectKBest_LogisticRegression,60,"['low', 'volume', 'turnover', 'R2', 'R3', 'BBL_5_2.0', 'BBB_5_2.0', 'BBP_5_2.0', 'SMA_20', 'EMA_20']",0.5516372795969773
SelectKBest_KNeighbors,60,"['low', 'volume', 'turnover', 'R2', 'R3', 'BBL_5_2.0', 'BBB_5_2.0', 'BBP_5_2.0', 'SMA_20', 'EMA_20']",0.4987405541561713
SelectKBest_DecisionTree,60,"['low', 'volume', 'turnover', 'R2', 'R3', 'BBL_5_2.0', 'BBB_5_2.0', 'BBP_5_2.0', 'SMA_20', 'EMA_20']",0.5516372795969773
SelectKBest_GaussianNB,60,"['low', 'volume', 'turnover', 'R2', 'R3', 'BBL_5_2.0', 'BBB_5_2.0', 'BBP_5_2.0', 'SMA_20', 'EMA_20']",0.5617128463476071
LogisticRegression_RandomForest,60,"['PP', 'R1', 'S1', 'R2', 'S2', 'R3', 'S3', 'BBL_5_2.0', 'BBM_5_2.0', 'BBU_5_2.0', 'SMA_5', 'SMA_10', 'SMA_20', 'EMA_5', 'EMA_10', 'EMA_20']",0.46851385390428213
LogisticRegression_LogisticRegression,60,"['PP', 'R1', 'S1', 'R2', 'S2', 'R3', 'S3', 'BBL_5_2.0', 'BBM_5_2.0', 'BBU_5_2.0', 'SMA_5', 'SMA_10', 'SMA_20', 'EMA_5', 'EMA_10', 'EMA_20']",0.5843828715365239
LogisticRegression_KNeighbors,60,"['PP', 'R1', 'S1', 'R2', 'S2', 'R3', 'S3', 'BBL_5_2.0', 'BBM_5_2.0', 'BBU_5_2.0', 'SMA_5', 'SMA_10', 'SMA_20', 'EMA_5', 'EMA_10', 'EMA_20']",0.48866498740554154
LogisticRegression_DecisionTree,60,"['PP', 'R1', 'S1', 'R2', 'S2', 'R3', 'S3', 'BBL_5_2.0', 'BBM_5_2.0', 'BBU_5_2.0', 'SMA_5', 'SMA_10', 'SMA_20', 'EMA_5', 'EMA_10', 'EMA_20']",0.48866498740554154
LogisticRegression_GaussianNB,60,"['PP', 'R1', 'S1', 'R2', 'S2', 'R3', 'S3', 'BBL_5_2.0', 'BBM_5_2.0', 'BBU_5_2.0', 'SMA_5', 'SMA_10', 'SMA_20', 'EMA_5', 'EMA_10', 'EMA_20']",0.48866498740554154
